id,timestamp,water_level,sensor_flow_rate_mps,image_flow_rate_mps,rise_rate,sensor_rise_rate,current_alert_level,predicted_level,predicted_alert_level,image_bytes
1,30/04/2026 00:00,1.985,0.35000000000000003,0.3,0.0,0.002,GREEN,2.238,GREEN,b'0x'
2,30/04/2026 00:05,2.005,0.36,0.4,0.24,0.242,GREEN,2.226,GREEN,b'0x'
3,30/04/2026 00:10,2.026,0.35000000000000003,0.39,0.252,0.254,GREEN,2.267,GREEN,b'0x'
4,30/04/2026 00:15,2.045,0.37,0.31,0.228,0.232,GREEN,2.285,GREEN,b'0x'
5,30/04/2026 00:20,2.065,0.4,0.48,0.24,0.24,GREEN,2.3,GREEN,b'0x'
6,30/04/2026 00:25,2.086,0.42999999999999994,0.44999999999999996,0.252,0.248,GREEN,2.319,GREEN,b'0x'
7,30/04/2026 00:30,2.106,0.45999999999999996,0.53,0.24,0.237,GREEN,2.344,GREEN,b'0x'
8,30/04/2026 00:35,2.126,0.48,0.51,0.24,0.237,GREEN,2.343,GREEN,b'0x'
9,30/04/2026 00:40,2.146,0.48,0.43999999999999995,0.24,0.239,GREEN,2.375,GREEN,b'0x'
10,30/04/2026 00:45,2.167,0.5,0.43999999999999995,0.252,0.252,GREEN,2.37,GREEN,b'0x'
11,30/04/2026 00:50,2.186,0.52,0.54,0.228,0.224,GREEN,2.395,GREEN,b'0x'
12,30/04/2026 00:55,2.207,0.56,0.64,0.252,0.248,GREEN,2.402,GREEN,b'0x'
13,30/04/2026 01:00,2.227,0.56,0.54,0.24,0.24,GREEN,2.421,GREEN,b'0x'
14,30/04/2026 01:05,2.244,0.54,0.56,0.204,0.206,GREEN,2.453,GREEN,b'0x'
15,30/04/2026 01:10,2.261,0.5800000000000001,0.61,0.204,0.206,GREEN,2.459,GREEN,b'0x'
16,30/04/2026 01:15,2.279,0.55,0.5,0.216,0.211,GREEN,2.495,GREEN,b'0x'
17,30/04/2026 01:20,2.296,0.56,0.5,0.204,0.208,GREEN,2.479,GREEN,b'0x'
18,30/04/2026 01:25,2.314,0.5700000000000001,0.5800000000000001,0.216,0.216,GREEN,2.499,GREEN,b'0x'
19,30/04/2026 01:30,2.331,0.55,0.54,0.204,0.206,GREEN,2.543,GREEN,b'0x'
20,30/04/2026 01:35,2.35,0.5700000000000001,0.49,0.228,0.224,GREEN,2.542,GREEN,b'0x'
21,30/04/2026 01:40,2.368,0.5700000000000001,0.6,0.216,0.221,GREEN,2.555,GREEN,b'0x'
22,30/04/2026 01:45,2.385,0.56,0.5700000000000001,0.204,0.203,GREEN,2.552,GREEN,b'0x'
23,30/04/2026 01:50,2.402,0.55,0.55,0.204,0.209,GREEN,2.591,GREEN,b'0x'
24,30/04/2026 01:55,2.419,0.56,0.6,0.204,0.2,GREEN,2.606,GREEN,b'0x'
25,30/04/2026 02:00,2.438,0.55,0.5800000000000001,0.228,0.225,GREEN,2.63,GREEN,b'0x'
26,30/04/2026 02:05,2.451,0.51,0.5,0.156,0.159,GREEN,2.645,GREEN,b'0x'
27,30/04/2026 02:10,2.466,0.53,0.53,0.18,0.178,GREEN,2.651,GREEN,b'0x'
28,30/04/2026 02:15,2.481,0.55,0.52,0.18,0.183,GREEN,2.659,GREEN,b'0x'
29,30/04/2026 02:20,2.497,0.53,0.44999999999999996,0.192,0.189,GREEN,2.649,GREEN,b'0x'
30,30/04/2026 02:25,2.511,0.51,0.53,0.168,0.169,GREEN,2.667,GREEN,b'0x'
31,30/04/2026 02:30,2.526,0.53,0.45999999999999996,0.18,0.176,GREEN,2.694,GREEN,b'0x'
32,30/04/2026 02:35,2.541,0.52,0.49,0.18,0.178,GREEN,2.712,GREEN,b'0x'
33,30/04/2026 02:40,2.556,0.53,0.44999999999999996,0.18,0.175,GREEN,2.721,GREEN,b'0x'
34,30/04/2026 02:45,2.57,0.52,0.48,0.168,0.165,GREEN,2.711,GREEN,b'0x'
35,30/04/2026 02:50,2.586,0.51,0.48,0.192,0.192,GREEN,2.739,GREEN,b'0x'
36,30/04/2026 02:55,2.601,0.48,0.44999999999999996,0.18,0.184,GREEN,2.748,GREEN,b'0x'
37,30/04/2026 03:00,2.617,0.52,0.47,0.192,0.193,GREEN,2.784,GREEN,b'0x'
38,30/04/2026 03:05,2.628,0.48,0.51,0.132,0.136,GREEN,2.789,GREEN,b'0x'
39,30/04/2026 03:10,2.64,0.51,0.53,0.144,0.143,GREEN,2.782,GREEN,b'0x'
40,30/04/2026 03:15,2.654,0.5,0.45999999999999996,0.168,0.17,GREEN,2.801,GREEN,b'0x'
41,30/04/2026 03:20,2.667,0.49,0.51,0.156,0.159,GREEN,2.802,GREEN,b'0x'
42,30/04/2026 03:25,2.678,0.49,0.53,0.132,0.129,GREEN,2.83,GREEN,b'0x'
43,30/04/2026 03:30,2.691,0.47,0.53,0.156,0.152,GREEN,2.814,GREEN,b'0x'
44,30/04/2026 03:35,2.704,0.45999999999999996,0.48,0.156,0.152,GREEN,2.835,GREEN,b'0x'
45,30/04/2026 03:40,2.715,0.48,0.53,0.132,0.133,GREEN,2.853,GREEN,b'0x'
46,30/04/2026 03:45,2.728,0.5,0.52,0.156,0.158,GREEN,2.85,GREEN,b'0x'
47,30/04/2026 03:50,2.741,0.48,0.42000000000000004,0.156,0.155,GREEN,2.868,GREEN,b'0x'
48,30/04/2026 03:55,2.753,0.5,0.52,0.144,0.139,GREEN,2.891,GREEN,b'0x'
49,30/04/2026 04:00,2.765,0.47,0.54,0.144,0.141,GREEN,2.902,GREEN,b'0x'
50,30/04/2026 04:05,2.776,0.49,0.42999999999999994,0.132,0.127,GREEN,2.881,GREEN,b'0x'
51,30/04/2026 04:10,2.786,0.45999999999999996,0.44999999999999996,0.12,0.125,GREEN,2.903,GREEN,b'0x'
52,30/04/2026 04:15,2.796,0.49,0.52,0.12,0.124,GREEN,2.894,GREEN,b'0x'
53,30/04/2026 04:20,2.807,0.49,0.51,0.132,0.137,GREEN,2.914,GREEN,b'0x'
54,30/04/2026 04:25,2.816,0.44999999999999996,0.5,0.108,0.112,GREEN,2.944,GREEN,b'0x'
55,30/04/2026 04:30,2.828,0.44999999999999996,0.51,0.144,0.146,GREEN,2.95,GREEN,b'0x'
56,30/04/2026 04:35,2.837,0.44999999999999996,0.42999999999999994,0.108,0.111,GREEN,2.923,GREEN,b'0x'
57,30/04/2026 04:40,2.847,0.47,0.48,0.12,0.117,GREEN,2.94,GREEN,b'0x'
58,30/04/2026 04:45,2.857,0.44999999999999996,0.41000000000000003,0.12,0.118,GREEN,2.939,GREEN,b'0x'
59,30/04/2026 04:50,2.868,0.45999999999999996,0.44999999999999996,0.132,0.131,GREEN,2.978,GREEN,b'0x'
60,30/04/2026 04:55,2.877,0.42999999999999994,0.44999999999999996,0.108,0.112,GREEN,2.967,GREEN,b'0x'
61,30/04/2026 05:00,2.888,0.45999999999999996,0.42000000000000004,0.132,0.128,GREEN,2.997,GREEN,b'0x'
62,30/04/2026 05:05,2.895,0.42999999999999994,0.38,0.084,0.08,GREEN,2.968,GREEN,b'0x'
63,30/04/2026 05:10,2.904,0.45999999999999996,0.43999999999999995,0.108,0.113,GREEN,2.991,GREEN,b'0x'
64,30/04/2026 05:15,2.911,0.42000000000000004,0.38,0.084,0.086,GREEN,2.979,GREEN,b'0x'
65,30/04/2026 05:20,2.919,0.44999999999999996,0.38,0.096,0.099,GREEN,2.988,GREEN,b'0x'
66,30/04/2026 05:25,2.927,0.45999999999999996,0.51,0.096,0.101,GREEN,3.028,GREEN,b'0x'
67,30/04/2026 05:30,2.935,0.43999999999999995,0.49,0.096,0.096,GREEN,3.008,GREEN,b'0x'
68,30/04/2026 05:35,2.942,0.43999999999999995,0.43999999999999995,0.084,0.084,GREEN,3.015,GREEN,b'0x'
69,30/04/2026 05:40,2.95,0.44999999999999996,0.45999999999999996,0.096,0.092,GREEN,3.009,GREEN,b'0x'
70,30/04/2026 05:45,2.958,0.42000000000000004,0.43999999999999995,0.096,0.095,GREEN,3.034,GREEN,b'0x'
71,30/04/2026 05:50,2.966,0.43999999999999995,0.39,0.096,0.097,GREEN,3.04,GREEN,b'0x'
72,30/04/2026 05:55,2.974,0.42000000000000004,0.4,0.096,0.096,GREEN,3.064,GREEN,b'0x'
73,30/04/2026 06:00,2.982,0.41000000000000003,0.47,0.096,0.1,GREEN,3.051,GREEN,b'0x'
74,30/04/2026 06:05,2.987,0.42000000000000004,0.44999999999999996,0.06,0.061,GREEN,3.053,GREEN,b'0x'
75,30/04/2026 06:10,2.994,0.41000000000000003,0.36,0.084,0.089,GREEN,3.051,GREEN,b'0x'
76,30/04/2026 06:15,2.998,0.39,0.44999999999999996,0.048,0.043,GREEN,3.06,GREEN,b'0x'
77,30/04/2026 06:20,3.005,0.4,0.41000000000000003,0.084,0.087,GREEN,3.053,GREEN,b'0x'
78,30/04/2026 06:25,3.01,0.4,0.39,0.06,0.065,GREEN,3.075,GREEN,b'0x'
79,30/04/2026 06:30,3.016,0.39,0.41000000000000003,0.072,0.071,GREEN,3.05,GREEN,b'0x'
80,30/04/2026 06:35,3.021,0.41000000000000003,0.42000000000000004,0.06,0.055,GREEN,3.074,GREEN,b'0x'
81,30/04/2026 06:40,3.027,0.42000000000000004,0.39,0.072,0.07,GREEN,3.078,GREEN,b'0x'
82,30/04/2026 06:45,3.032,0.38,0.33,0.06,0.055,GREEN,3.089,GREEN,b'0x'
83,30/04/2026 06:50,3.039,0.37,0.41000000000000003,0.084,0.086,GREEN,3.092,GREEN,b'0x'
84,30/04/2026 06:55,3.044,0.38,0.4,0.06,0.056,GREEN,3.077,GREEN,b'0x'
85,30/04/2026 07:00,3.05,0.39,0.33,0.072,0.071,GREEN,3.09,GREEN,b'0x'
86,30/04/2026 07:05,3.052,0.39,0.33,0.024,0.025,GREEN,3.095,GREEN,b'0x'
87,30/04/2026 07:10,3.056,0.39,0.39,0.048,0.049,GREEN,3.104,GREEN,b'0x'
88,30/04/2026 07:15,3.059,0.39,0.33,0.036,0.038,GREEN,3.111,GREEN,b'0x'
89,30/04/2026 07:20,3.063,0.37,0.32,0.048,0.052,GREEN,3.102,GREEN,b'0x'
90,30/04/2026 07:25,3.066,0.36,0.36,0.036,0.04,GREEN,3.095,GREEN,b'0x'
91,30/04/2026 07:30,3.069,0.36,0.28,0.036,0.04,GREEN,3.105,GREEN,b'0x'
92,30/04/2026 07:35,3.073,0.37,0.42000000000000004,0.048,0.046,GREEN,3.092,GREEN,b'0x'
93,30/04/2026 07:40,3.077,0.4,0.35000000000000003,0.048,0.047,GREEN,3.112,GREEN,b'0x'
94,30/04/2026 07:45,3.08,0.36,0.36,0.036,0.039,GREEN,3.125,GREEN,b'0x'
95,30/04/2026 07:50,3.084,0.39,0.42000000000000004,0.048,0.046,GREEN,3.117,GREEN,b'0x'
96,30/04/2026 07:55,3.088,0.38,0.42999999999999994,0.048,0.052,GREEN,3.112,GREEN,b'0x'
97,30/04/2026 08:00,3.09,0.37,0.37,0.024,0.019,GREEN,3.113,GREEN,b'0x'
98,30/04/2026 08:05,3.092,0.39,0.36,0.024,0.029,GREEN,3.114,GREEN,b'0x'
99,30/04/2026 08:10,3.093,0.34,0.33,0.012,0.011,GREEN,3.097,GREEN,b'0x'
100,30/04/2026 08:15,3.096,0.34,0.38,0.036,0.038,GREEN,3.11,GREEN,b'0x'
101,30/04/2026 08:20,3.097,0.37,0.35000000000000003,0.012,0.014,GREEN,3.099,GREEN,b'0x'
102,30/04/2026 08:25,3.098,0.35000000000000003,0.4,0.012,0.016,GREEN,3.114,GREEN,b'0x'
103,30/04/2026 08:30,3.101,0.34,0.38,0.036,0.039,GREEN,3.109,GREEN,b'0x'
104,30/04/2026 08:35,3.101,0.35000000000000003,0.31,0.0,0.0,GREEN,3.096,GREEN,b'0x'
105,30/04/2026 08:40,3.102,0.36,0.3,0.012,0.007,GREEN,3.079,GREEN,b'0x'
106,30/04/2026 08:45,3.105,0.33,0.38,0.036,0.036,GREEN,3.096,GREEN,b'0x'
107,30/04/2026 08:50,3.106,0.37,0.33,0.012,0.015,GREEN,3.072,GREEN,b'0x'
108,30/04/2026 08:55,3.108,0.34,0.35000000000000003,0.024,0.021,GREEN,3.095,GREEN,b'0x'
109,30/04/2026 09:00,3.11,0.32,0.36,0.024,0.029,GREEN,3.078,GREEN,b'0x'
110,30/04/2026 09:05,3.106,0.35000000000000003,0.34,-0.048,-0.052,GREEN,3.086,GREEN,b'0x'
111,30/04/2026 09:10,3.105,0.36,0.32,-0.012,-0.015,GREEN,3.065,GREEN,b'0x'
112,30/04/2026 09:15,3.103,0.36,0.4,-0.024,-0.022,GREEN,3.07,GREEN,b'0x'
113,30/04/2026 09:20,3.102,0.34,0.4,-0.012,-0.012,GREEN,3.054,GREEN,b'0x'
114,30/04/2026 09:25,3.1,0.34,0.4,-0.024,-0.026,GREEN,3.05,GREEN,b'0x'
115,30/04/2026 09:30,3.099,0.31,0.25,-0.012,-0.012,GREEN,3.061,GREEN,b'0x'
116,30/04/2026 09:35,3.096,0.35000000000000003,0.4,-0.036,-0.031,GREEN,3.05,GREEN,b'0x'
117,30/04/2026 09:40,3.095,0.36,0.32,-0.012,-0.014,GREEN,3.044,GREEN,b'0x'
118,30/04/2026 09:45,3.093,0.36,0.35000000000000003,-0.024,-0.023,GREEN,3.019,GREEN,b'0x'
119,30/04/2026 09:50,3.092,0.36,0.29000000000000004,-0.012,-0.014,GREEN,3.026,GREEN,b'0x'
120,30/04/2026 09:55,3.089,0.33,0.26,-0.036,-0.038,GREEN,2.995,GREEN,b'0x'
121,30/04/2026 10:00,3.088,0.34,0.33,-0.012,-0.011,GREEN,3.019,GREEN,b'0x'
122,30/04/2026 10:05,3.08,0.35000000000000003,0.31,-0.096,-0.098,GREEN,3.002,GREEN,b'0x'
123,30/04/2026 10:10,3.074,0.35000000000000003,0.3,-0.072,-0.076,GREEN,2.982,GREEN,b'0x'
124,30/04/2026 10:15,3.065,0.34,0.39,-0.108,-0.103,GREEN,2.976,GREEN,b'0x'
125,30/04/2026 10:20,3.059,0.37,0.43999999999999995,-0.072,-0.076,GREEN,2.937,GREEN,b'0x'
126,30/04/2026 10:25,3.05,0.36,0.32,-0.108,-0.113,GREEN,2.924,GREEN,b'0x'
127,30/04/2026 10:30,3.044,0.36,0.33,-0.072,-0.072,GREEN,2.949,GREEN,b'0x'
128,30/04/2026 10:35,3.035,0.39,0.47,-0.108,-0.108,GREEN,2.924,GREEN,b'0x'
129,30/04/2026 10:40,3.029,0.37,0.36,-0.072,-0.073,GREEN,2.904,GREEN,b'0x'
130,30/04/2026 10:45,3.02,0.42000000000000004,0.37,-0.108,-0.106,GREEN,2.902,GREEN,b'0x'
131,30/04/2026 10:50,3.014,0.39,0.35000000000000003,-0.072,-0.074,GREEN,2.886,GREEN,b'0x'
132,30/04/2026 10:55,3.006,0.39,0.43999999999999995,-0.096,-0.091,GREEN,2.88,GREEN,b'0x'
133,30/04/2026 11:00,2.999,0.43999999999999995,0.42000000000000004,-0.084,-0.088,GREEN,2.871,GREEN,b'0x'
134,30/04/2026 11:05,2.987,0.42000000000000004,0.49,-0.144,-0.143,GREEN,2.862,GREEN,b'0x'
135,30/04/2026 11:10,2.976,0.41000000000000003,0.45999999999999996,-0.132,-0.137,GREEN,2.848,GREEN,b'0x'
136,30/04/2026 11:15,2.965,0.43999999999999995,0.39,-0.132,-0.129,GREEN,2.843,GREEN,b'0x'
137,30/04/2026 11:20,2.954,0.43999999999999995,0.38,-0.132,-0.136,GREEN,2.804,GREEN,b'0x'
138,30/04/2026 11:25,2.941,0.45999999999999996,0.53,-0.156,-0.151,GREEN,2.813,GREEN,b'0x'
139,30/04/2026 11:30,2.93,0.43999999999999995,0.38,-0.132,-0.131,GREEN,2.797,GREEN,b'0x'
140,30/04/2026 11:35,2.92,0.44999999999999996,0.4,-0.12,-0.117,GREEN,2.777,GREEN,b'0x'
141,30/04/2026 11:40,2.909,0.43999999999999995,0.36,-0.132,-0.137,GREEN,2.774,GREEN,b'0x'
142,30/04/2026 11:45,2.897,0.42999999999999994,0.4,-0.144,-0.141,GREEN,2.768,GREEN,b'0x'
143,30/04/2026 11:50,2.886,0.44999999999999996,0.53,-0.132,-0.129,GREEN,2.734,GREEN,b'0x'
144,30/04/2026 11:55,2.875,0.45999999999999996,0.39,-0.132,-0.136,GREEN,2.713,GREEN,b'0x'
145,30/04/2026 12:00,2.863,0.47,0.42999999999999994,-0.144,-0.14,GREEN,2.702,GREEN,b'0x'
146,30/04/2026 12:05,2.852,0.48,0.48,-0.132,-0.132,GREEN,2.702,GREEN,b'0x'
147,30/04/2026 12:10,2.839,0.47,0.5,-0.156,-0.157,GREEN,2.703,GREEN,b'0x'
148,30/04/2026 12:15,2.825,0.44999999999999996,0.42999999999999994,-0.168,-0.171,GREEN,2.664,GREEN,b'0x'
149,30/04/2026 12:20,2.813,0.47,0.53,-0.144,-0.145,GREEN,2.649,GREEN,b'0x'
150,30/04/2026 12:25,2.8,0.48,0.54,-0.156,-0.156,GREEN,2.642,GREEN,b'0x'
151,30/04/2026 12:30,2.787,0.49,0.5,-0.156,-0.152,GREEN,2.653,GREEN,b'0x'
152,30/04/2026 12:35,2.775,0.49,0.56,-0.144,-0.146,GREEN,2.63,GREEN,b'0x'
153,30/04/2026 12:40,2.762,0.49,0.41000000000000003,-0.156,-0.155,GREEN,2.612,GREEN,b'0x'
154,30/04/2026 12:45,2.749,0.44999999999999996,0.51,-0.156,-0.155,GREEN,2.62,GREEN,b'0x'
155,30/04/2026 12:50,2.737,0.47,0.4,-0.144,-0.14,GREEN,2.579,GREEN,b'0x'
156,30/04/2026 12:55,2.723,0.45999999999999996,0.47,-0.168,-0.169,GREEN,2.58,GREEN,b'0x'
157,30/04/2026 13:00,2.711,0.47,0.48,-0.144,-0.142,GREEN,2.558,GREEN,b'0x'
158,30/04/2026 13:05,2.699,0.47,0.55,-0.144,-0.148,GREEN,2.575,GREEN,b'0x'
159,30/04/2026 13:10,2.686,0.49,0.52,-0.156,-0.152,GREEN,2.531,GREEN,b'0x'
160,30/04/2026 13:15,2.674,0.44999999999999996,0.42000000000000004,-0.144,-0.149,GREEN,2.539,GREEN,b'0x'
161,30/04/2026 13:20,2.662,0.49,0.51,-0.144,-0.141,GREEN,2.524,GREEN,b'0x'
162,30/04/2026 13:25,2.651,0.47,0.5,-0.132,-0.136,GREEN,2.502,GREEN,b'0x'
163,30/04/2026 13:30,2.639,0.47,0.52,-0.144,-0.146,GREEN,2.505,GREEN,b'0x'
164,30/04/2026 13:35,2.627,0.44999999999999996,0.53,-0.144,-0.14,GREEN,2.506,GREEN,b'0x'
165,30/04/2026 13:40,2.615,0.48,0.45999999999999996,-0.144,-0.145,GREEN,2.507,GREEN,b'0x'
166,30/04/2026 13:45,2.602,0.47,0.52,-0.156,-0.158,GREEN,2.495,GREEN,b'0x'
167,30/04/2026 13:50,2.59,0.49,0.5700000000000001,-0.144,-0.147,GREEN,2.469,GREEN,b'0x'
168,30/04/2026 13:55,2.579,0.47,0.42000000000000004,-0.132,-0.13,GREEN,2.482,GREEN,b'0x'
169,30/04/2026 14:00,2.566,0.47,0.53,-0.156,-0.159,GREEN,2.469,GREEN,b'0x'
170,30/04/2026 14:05,2.556,0.45999999999999996,0.49,-0.12,-0.116,GREEN,2.43,GREEN,b'0x'
171,30/04/2026 14:10,2.547,0.48,0.47,-0.108,-0.108,GREEN,2.464,GREEN,b'0x'
172,30/04/2026 14:15,2.538,0.48,0.48,-0.108,-0.108,GREEN,2.425,GREEN,b'0x'
173,30/04/2026 14:20,2.528,0.45999999999999996,0.49,-0.12,-0.123,GREEN,2.421,GREEN,b'0x'
174,30/04/2026 14:25,2.52,0.43999999999999995,0.47,-0.096,-0.096,GREEN,2.422,GREEN,b'0x'
175,30/04/2026 14:30,2.511,0.47,0.42000000000000004,-0.108,-0.113,GREEN,2.423,GREEN,b'0x'
176,30/04/2026 14:35,2.5,0.42999999999999994,0.49,-0.132,-0.135,GREEN,2.426,GREEN,b'0x'
177,30/04/2026 14:40,2.492,0.43999999999999995,0.49,-0.096,-0.099,GREEN,2.401,GREEN,b'0x'
178,30/04/2026 14:45,2.483,0.43999999999999995,0.51,-0.108,-0.107,GREEN,2.425,GREEN,b'0x'
179,30/04/2026 14:50,2.473,0.44999999999999996,0.39,-0.12,-0.121,GREEN,2.39,GREEN,b'0x'
180,30/04/2026 14:55,2.463,0.42999999999999994,0.36,-0.12,-0.119,GREEN,2.418,GREEN,b'0x'
181,30/04/2026 15:00,2.454,0.42000000000000004,0.39,-0.108,-0.11,GREEN,2.401,GREEN,b'0x'
182,30/04/2026 15:05,2.449,0.42000000000000004,0.36,-0.06,-0.057,GREEN,2.402,GREEN,b'0x'
183,30/04/2026 15:10,2.444,0.42000000000000004,0.47,-0.06,-0.06,GREEN,2.419,GREEN,b'0x'
184,30/04/2026 15:15,2.44,0.4,0.47,-0.048,-0.05,GREEN,2.389,GREEN,b'0x'
185,30/04/2026 15:20,2.436,0.41000000000000003,0.44999999999999996,-0.048,-0.049,GREEN,2.414,GREEN,b'0x'
186,30/04/2026 15:25,2.433,0.41000000000000003,0.47,-0.036,-0.037,GREEN,2.389,GREEN,b'0x'
187,30/04/2026 15:30,2.428,0.39,0.45999999999999996,-0.06,-0.058,GREEN,2.41,GREEN,b'0x'
188,30/04/2026 15:35,2.422,0.39,0.31,-0.072,-0.072,GREEN,2.397,GREEN,b'0x'
189,30/04/2026 15:40,2.418,0.42000000000000004,0.45999999999999996,-0.048,-0.052,GREEN,2.429,GREEN,b'0x'
190,30/04/2026 15:45,2.415,0.4,0.4,-0.036,-0.031,GREEN,2.43,GREEN,b'0x'
191,30/04/2026 15:50,2.41,0.37,0.44999999999999996,-0.06,-0.056,GREEN,2.407,GREEN,b'0x'
192,30/04/2026 15:55,2.405,0.41000000000000003,0.45999999999999996,-0.06,-0.065,GREEN,2.419,GREEN,b'0x'
193,30/04/2026 16:00,2.401,0.37,0.34,-0.048,-0.046,GREEN,2.439,GREEN,b'0x'
194,30/04/2026 16:05,2.403,0.39,0.34,0.024,0.028,GREEN,2.442,GREEN,b'0x'
195,30/04/2026 16:10,2.403,0.39,0.35000000000000003,0.0,0.004,GREEN,2.426,GREEN,b'0x'
196,30/04/2026 16:15,2.406,0.36,0.36,0.036,0.037,GREEN,2.452,GREEN,b'0x'
197,30/04/2026 16:20,2.407,0.33,0.25,0.012,0.012,GREEN,2.44,GREEN,b'0x'
198,30/04/2026 16:25,2.409,0.35000000000000003,0.29000000000000004,0.024,0.028,GREEN,2.461,GREEN,b'0x'
199,30/04/2026 16:30,2.411,0.36,0.28,0.024,0.029,GREEN,2.462,GREEN,b'0x'
200,30/04/2026 16:35,2.411,0.32,0.28,0.0,0.002,GREEN,2.46,GREEN,b'0x'
201,30/04/2026 16:40,2.414,0.33,0.35000000000000003,0.036,0.038,GREEN,2.449,GREEN,b'0x'
202,30/04/2026 16:45,2.416,0.34,0.27,0.024,0.026,GREEN,2.454,GREEN,b'0x'
203,30/04/2026 16:50,2.416,0.35000000000000003,0.37,0.0,-0.002,GREEN,2.468,GREEN,b'0x'
204,30/04/2026 16:55,2.419,0.35000000000000003,0.4,0.036,0.033,GREEN,2.474,GREEN,b'0x'
205,30/04/2026 17:00,2.42,0.36,0.39,0.012,0.01,GREEN,2.471,GREEN,b'0x'
206,30/04/2026 17:05,2.426,0.32,0.34,0.072,0.069,GREEN,2.505,GREEN,b'0x'
207,30/04/2026 17:10,2.432,0.34,0.36,0.072,0.077,GREEN,2.505,GREEN,b'0x'
208,30/04/2026 17:15,2.437,0.37,0.37,0.06,0.055,GREEN,2.52,GREEN,b'0x'
209,30/04/2026 17:20,2.443,0.37,0.38,0.072,0.068,GREEN,2.5,GREEN,b'0x'
210,30/04/2026 17:25,2.448,0.38,0.33,0.06,0.058,GREEN,2.543,GREEN,b'0x'
211,30/04/2026 17:30,2.454,0.37,0.31,0.072,0.071,GREEN,2.547,GREEN,b'0x'
212,30/04/2026 17:35,2.458,0.36,0.28,0.048,0.053,GREEN,2.528,GREEN,b'0x'
213,30/04/2026 17:40,2.463,0.37,0.42000000000000004,0.06,0.055,GREEN,2.53,GREEN,b'0x'
214,30/04/2026 17:45,2.47,0.38,0.42999999999999994,0.084,0.08,GREEN,2.542,GREEN,b'0x'
215,30/04/2026 17:50,2.475,0.4,0.45999999999999996,0.06,0.064,GREEN,2.554,GREEN,b'0x'
216,30/04/2026 17:55,2.48,0.38,0.37,0.06,0.063,GREEN,2.558,GREEN,b'0x'
217,30/04/2026 18:00,2.486,0.37,0.38,0.072,0.073,GREEN,2.587,GREEN,b'0x'
218,30/04/2026 18:05,2.493,0.4,0.32,0.084,0.085,GREEN,2.601,GREEN,b'0x'
219,30/04/2026 18:10,2.501,0.38,0.31,0.096,0.095,GREEN,2.601,GREEN,b'0x'
220,30/04/2026 18:15,2.51,0.37,0.36,0.108,0.103,GREEN,2.595,GREEN,b'0x'
221,30/04/2026 18:20,2.515,0.41000000000000003,0.34,0.06,0.063,GREEN,2.624,GREEN,b'0x'
222,30/04/2026 18:25,2.524,0.39,0.43999999999999995,0.108,0.108,GREEN,2.62,GREEN,b'0x'
223,30/04/2026 18:30,2.532,0.41000000000000003,0.43999999999999995,0.096,0.095,GREEN,2.632,GREEN,b'0x'
224,30/04/2026 18:35,2.539,0.38,0.31,0.084,0.085,GREEN,2.626,GREEN,b'0x'
225,30/04/2026 18:40,2.547,0.38,0.43999999999999995,0.096,0.096,GREEN,2.648,GREEN,b'0x'
226,30/04/2026 18:45,2.555,0.42999999999999994,0.49,0.096,0.099,GREEN,2.632,GREEN,b'0x'
227,30/04/2026 18:50,2.561,0.4,0.42000000000000004,0.072,0.069,GREEN,2.65,GREEN,b'0x'
228,30/04/2026 18:55,2.57,0.42999999999999994,0.49,0.108,0.11,GREEN,2.669,GREEN,b'0x'
229,30/04/2026 19:00,2.577,0.41000000000000003,0.42999999999999994,0.084,0.087,GREEN,2.693,GREEN,b'0x'
230,30/04/2026 19:05,2.586,0.42000000000000004,0.37,0.108,0.11,GREEN,2.683,GREEN,b'0x'
231,30/04/2026 19:10,2.594,0.39,0.44999999999999996,0.096,0.1,GREEN,2.668,GREEN,b'0x'
232,30/04/2026 19:15,2.601,0.39,0.47,0.084,0.083,GREEN,2.714,GREEN,b'0x'
233,30/04/2026 19:20,2.61,0.42999999999999994,0.45999999999999996,0.108,0.104,GREEN,2.711,GREEN,b'0x'
234,30/04/2026 19:25,2.618,0.4,0.34,0.096,0.096,GREEN,2.691,GREEN,b'0x'
235,30/04/2026 19:30,2.625,0.4,0.33,0.084,0.08,GREEN,2.696,GREEN,b'0x'
236,30/04/2026 19:35,2.633,0.42999999999999994,0.36,0.096,0.097,GREEN,2.72,GREEN,b'0x'
237,30/04/2026 19:40,2.642,0.42000000000000004,0.48,0.108,0.11,GREEN,2.714,GREEN,b'0x'
238,30/04/2026 19:45,2.649,0.41000000000000003,0.47,0.084,0.081,GREEN,2.725,GREEN,b'0x'
239,30/04/2026 19:50,2.658,0.42999999999999994,0.37,0.108,0.109,GREEN,2.726,GREEN,b'0x'
240,30/04/2026 19:55,2.666,0.4,0.43999999999999995,0.096,0.096,GREEN,2.77,GREEN,b'0x'
241,30/04/2026 20:00,2.675,0.43999999999999995,0.48,0.108,0.108,GREEN,2.758,GREEN,b'0x'
242,30/04/2026 20:05,2.682,0.41000000000000003,0.41000000000000003,0.084,0.087,GREEN,2.776,GREEN,b'0x'
243,30/04/2026 20:10,2.687,0.4,0.42000000000000004,0.06,0.062,GREEN,2.763,GREEN,b'0x'
244,30/04/2026 20:15,2.695,0.42000000000000004,0.49,0.096,0.097,GREEN,2.754,GREEN,b'0x'
245,30/04/2026 20:20,2.702,0.42000000000000004,0.49,0.084,0.08,GREEN,2.765,GREEN,b'0x'
246,30/04/2026 20:25,2.708,0.42999999999999994,0.38,0.072,0.076,GREEN,2.776,GREEN,b'0x'
247,30/04/2026 20:30,2.715,0.41000000000000003,0.41000000000000003,0.084,0.082,GREEN,2.772,GREEN,b'0x'
248,30/04/2026 20:35,2.723,0.42000000000000004,0.38,0.096,0.099,GREEN,2.794,GREEN,b'0x'
249,30/04/2026 20:40,2.729,0.41000000000000003,0.45999999999999996,0.072,0.069,GREEN,2.789,GREEN,b'0x'
250,30/04/2026 20:45,2.736,0.4,0.4,0.084,0.081,GREEN,2.776,GREEN,b'0x'
251,30/04/2026 20:50,2.743,0.42000000000000004,0.4,0.084,0.088,GREEN,2.793,GREEN,b'0x'
252,30/04/2026 20:55,2.75,0.4,0.37,0.084,0.079,GREEN,2.808,GREEN,b'0x'
253,30/04/2026 21:00,2.757,0.4,0.36,0.084,0.082,GREEN,2.809,GREEN,b'0x'
254,30/04/2026 21:05,2.762,0.39,0.4,0.06,0.057,GREEN,2.806,GREEN,b'0x'
255,30/04/2026 21:10,2.765,0.42000000000000004,0.4,0.036,0.033,GREEN,2.817,GREEN,b'0x'
256,30/04/2026 21:15,2.769,0.4,0.33,0.048,0.05,GREEN,2.801,GREEN,b'0x'
257,30/04/2026 21:20,2.772,0.37,0.31,0.036,0.034,GREEN,2.814,GREEN,b'0x'
258,30/04/2026 21:25,2.777,0.37,0.36,0.06,0.061,GREEN,2.802,GREEN,b'0x'
259,30/04/2026 21:30,2.781,0.39,0.41000000000000003,0.048,0.043,GREEN,2.805,GREEN,b'0x'
260,30/04/2026 21:35,2.785,0.38,0.44999999999999996,0.048,0.047,GREEN,2.817,GREEN,b'0x'
261,30/04/2026 21:40,2.79,0.37,0.3,0.06,0.062,GREEN,2.798,GREEN,b'0x'
262,30/04/2026 21:45,2.793,0.37,0.29000000000000004,0.036,0.031,GREEN,2.793,GREEN,b'0x'
263,30/04/2026 21:50,2.798,0.36,0.36,0.06,0.055,GREEN,2.803,GREEN,b'0x'
264,30/04/2026 21:55,2.801,0.36,0.3,0.036,0.04,GREEN,2.798,GREEN,b'0x'
265,30/04/2026 22:00,2.805,0.38,0.39,0.048,0.049,GREEN,2.813,GREEN,b'0x'
266,30/04/2026 22:05,2.805,0.35000000000000003,0.28,0.0,-0.001,GREEN,2.788,GREEN,b'0x'
267,30/04/2026 22:10,2.804,0.37,0.44999999999999996,-0.012,-0.008,GREEN,2.785,GREEN,b'0x'
268,30/04/2026 22:15,2.804,0.37,0.33,0.0,0.004,GREEN,2.801,GREEN,b'0x'
269,30/04/2026 22:20,2.803,0.36,0.34,-0.012,-0.014,GREEN,2.779,GREEN,b'0x'
270,30/04/2026 22:25,2.803,0.35000000000000003,0.34,0.0,0.0,GREEN,2.777,GREEN,b'0x'
271,30/04/2026 22:30,2.802,0.37,0.38,-0.012,-0.008,GREEN,2.773,GREEN,b'0x'
272,30/04/2026 22:35,2.802,0.32,0.28,0.0,-0.003,GREEN,2.763,GREEN,b'0x'
273,30/04/2026 22:40,2.801,0.34,0.41000000000000003,-0.012,-0.008,GREEN,2.751,GREEN,b'0x'
274,30/04/2026 22:45,2.802,0.34,0.35000000000000003,0.012,0.008,GREEN,2.775,GREEN,b'0x'
275,30/04/2026 22:50,2.801,0.33,0.27,-0.012,-0.013,GREEN,2.743,GREEN,b'0x'
276,30/04/2026 22:55,2.8,0.35000000000000003,0.37,-0.012,-0.014,GREEN,2.757,GREEN,b'0x'
277,30/04/2026 23:00,2.8,0.32,0.34,0.0,0.001,GREEN,2.758,GREEN,b'0x'
278,30/04/2026 23:05,2.795,0.35000000000000003,0.36,-0.06,-0.063,GREEN,2.762,GREEN,b'0x'
279,30/04/2026 23:10,2.791,0.33,0.26,-0.048,-0.053,GREEN,2.757,GREEN,b'0x'
280,30/04/2026 23:15,2.789,0.36,0.35000000000000003,-0.024,-0.019,GREEN,2.72,GREEN,b'0x'
281,30/04/2026 23:20,2.785,0.37,0.3,-0.048,-0.045,GREEN,2.737,GREEN,b'0x'
282,30/04/2026 23:25,2.781,0.35000000000000003,0.28,-0.048,-0.045,GREEN,2.726,GREEN,b'0x'
283,30/04/2026 23:30,2.777,0.37,0.33,-0.048,-0.051,GREEN,2.723,GREEN,b'0x'
284,30/04/2026 23:35,2.772,0.35000000000000003,0.3,-0.06,-0.058,GREEN,2.727,GREEN,b'0x'
285,30/04/2026 23:40,2.769,0.38,0.42999999999999994,-0.036,-0.036,GREEN,2.717,GREEN,b'0x'
286,30/04/2026 23:45,2.764,0.34,0.31,-0.06,-0.061,GREEN,2.694,GREEN,b'0x'
287,30/04/2026 23:50,2.761,0.36,0.42000000000000004,-0.036,-0.032,GREEN,2.692,GREEN,b'0x'
288,30/04/2026 23:55,2.756,0.37,0.31,-0.06,-0.06,GREEN,2.7,GREEN,b'0x'
289,01/05/2026 00:00,2.752,0.38,0.31,-0.048,-0.045,GREEN,2.705,GREEN,b'0x'
290,01/05/2026 00:05,2.747,0.37,0.34,-0.06,-0.063,GREEN,2.679,GREEN,b'0x'
291,01/05/2026 00:10,2.743,0.37,0.37,-0.048,-0.045,GREEN,2.668,GREEN,b'0x'
292,01/05/2026 00:15,2.736,0.38,0.37,-0.084,-0.087,GREEN,2.674,GREEN,b'0x'
293,01/05/2026 00:20,2.731,0.4,0.36,-0.06,-0.058,GREEN,2.688,GREEN,b'0x'
294,01/05/2026 00:25,2.726,0.36,0.32,-0.06,-0.064,GREEN,2.687,GREEN,b'0x'
295,01/05/2026 00:30,2.722,0.37,0.36,-0.048,-0.051,GREEN,2.645,GREEN,b'0x'
296,01/05/2026 00:35,2.715,0.38,0.33,-0.084,-0.089,GREEN,2.677,GREEN,b'0x'
297,01/05/2026 00:40,2.711,0.37,0.31,-0.048,-0.05,GREEN,2.64,GREEN,b'0x'
298,01/05/2026 00:45,2.705,0.39,0.42999999999999994,-0.072,-0.072,GREEN,2.657,GREEN,b'0x'
299,01/05/2026 00:50,2.699,0.39,0.33,-0.072,-0.068,GREEN,2.637,GREEN,b'0x'
300,01/05/2026 00:55,2.695,0.37,0.44999999999999996,-0.048,-0.044,GREEN,2.635,GREEN,b'0x'
301,01/05/2026 01:00,2.689,0.41000000000000003,0.35000000000000003,-0.072,-0.069,GREEN,2.643,GREEN,b'0x'
302,01/05/2026 01:05,2.685,0.41000000000000003,0.35000000000000003,-0.048,-0.05,GREEN,2.628,GREEN,b'0x'
303,01/05/2026 01:10,2.68,0.4,0.33,-0.06,-0.055,GREEN,2.629,GREEN,b'0x'
304,01/05/2026 01:15,2.676,0.4,0.34,-0.048,-0.044,GREEN,2.647,GREEN,b'0x'
305,01/05/2026 01:20,2.672,0.4,0.42999999999999994,-0.048,-0.045,GREEN,2.64,GREEN,b'0x'
306,01/05/2026 01:25,2.667,0.39,0.32,-0.06,-0.055,GREEN,2.628,GREEN,b'0x'
307,01/05/2026 01:30,2.662,0.38,0.33,-0.06,-0.061,GREEN,2.648,GREEN,b'0x'
308,01/05/2026 01:35,2.66,0.41000000000000003,0.36,-0.024,-0.024,GREEN,2.619,GREEN,b'0x'
309,01/05/2026 01:40,2.655,0.4,0.35000000000000003,-0.06,-0.055,GREEN,2.634,GREEN,b'0x'
310,01/05/2026 01:45,2.649,0.38,0.32,-0.072,-0.074,GREEN,2.629,GREEN,b'0x'
311,01/05/2026 01:50,2.645,0.38,0.34,-0.048,-0.053,GREEN,2.638,GREEN,b'0x'
312,01/05/2026 01:55,2.641,0.39,0.35000000000000003,-0.048,-0.052,GREEN,2.612,GREEN,b'0x'
313,01/05/2026 02:00,2.637,0.39,0.43999999999999995,-0.048,-0.052,GREEN,2.611,GREEN,b'0x'
314,01/05/2026 02:05,2.636,0.38,0.42000000000000004,-0.012,-0.016,GREEN,2.642,GREEN,b'0x'
315,01/05/2026 02:10,2.634,0.37,0.43999999999999995,-0.024,-0.028,GREEN,2.618,GREEN,b'0x'
316,01/05/2026 02:15,2.632,0.36,0.31,-0.024,-0.02,GREEN,2.625,GREEN,b'0x'
317,01/05/2026 02:20,2.631,0.35000000000000003,0.29000000000000004,-0.012,-0.014,GREEN,2.624,GREEN,b'0x'
318,01/05/2026 02:25,2.631,0.35000000000000003,0.28,0.0,-0.003,GREEN,2.655,GREEN,b'0x'
319,01/05/2026 02:30,2.63,0.38,0.41000000000000003,-0.012,-0.015,GREEN,2.632,GREEN,b'0x'
320,01/05/2026 02:35,2.628,0.38,0.37,-0.024,-0.024,GREEN,2.651,GREEN,b'0x'
321,01/05/2026 02:40,2.627,0.36,0.43999999999999995,-0.012,-0.013,GREEN,2.658,GREEN,b'0x'
322,01/05/2026 02:45,2.626,0.36,0.3,-0.012,-0.014,GREEN,2.66,GREEN,b'0x'
323,01/05/2026 02:50,2.625,0.33,0.34,-0.012,-0.016,GREEN,2.655,GREEN,b'0x'
324,01/05/2026 02:55,2.624,0.34,0.38,-0.012,-0.01,GREEN,2.668,GREEN,b'0x'
325,01/05/2026 03:00,2.622,0.35000000000000003,0.28,-0.024,-0.024,GREEN,2.654,GREEN,b'0x'
326,01/05/2026 03:05,2.627,0.33,0.31,0.06,0.062,GREEN,2.674,GREEN,b'0x'
327,01/05/2026 03:10,2.629,0.34,0.38,0.024,0.02,GREEN,2.687,GREEN,b'0x'
328,01/05/2026 03:15,2.633,0.31,0.3,0.048,0.048,GREEN,2.693,GREEN,b'0x'
329,01/05/2026 03:20,2.638,0.32,0.27,0.06,0.063,GREEN,2.706,GREEN,b'0x'
330,01/05/2026 03:25,2.643,0.34,0.3,0.06,0.059,GREEN,2.713,GREEN,b'0x'
331,01/05/2026 03:30,2.646,0.33,0.3,0.036,0.038,GREEN,2.733,GREEN,b'0x'
332,01/05/2026 03:35,2.65,0.36,0.42000000000000004,0.048,0.044,GREEN,2.711,GREEN,b'0x'
333,01/05/2026 03:40,2.655,0.37,0.32,0.06,0.065,GREEN,2.725,GREEN,b'0x'
334,01/05/2026 03:45,2.658,0.34,0.3,0.036,0.031,GREEN,2.733,GREEN,b'0x'
335,01/05/2026 03:50,2.661,0.34,0.29000000000000004,0.036,0.04,GREEN,2.754,GREEN,b'0x'
336,01/05/2026 03:55,2.665,0.38,0.42999999999999994,0.048,0.049,GREEN,2.767,GREEN,b'0x'
337,01/05/2026 04:00,2.67,0.38,0.3,0.06,0.062,GREEN,2.787,GREEN,b'0x'
338,01/05/2026 04:05,2.678,0.37,0.36,0.096,0.099,GREEN,2.791,GREEN,b'0x'
339,01/05/2026 04:10,2.687,0.39,0.33,0.108,0.106,GREEN,2.805,GREEN,b'0x'
340,01/05/2026 04:15,2.694,0.4,0.35000000000000003,0.084,0.081,GREEN,2.804,GREEN,b'0x'
341,01/05/2026 04:20,2.704,0.38,0.41000000000000003,0.12,0.119,GREEN,2.81,GREEN,b'0x'
342,01/05/2026 04:25,2.712,0.42000000000000004,0.39,0.096,0.101,GREEN,2.826,GREEN,b'0x'
343,01/05/2026 04:30,2.72,0.39,0.41000000000000003,0.096,0.099,GREEN,2.836,GREEN,b'0x'
344,01/05/2026 04:35,2.728,0.41000000000000003,0.43999999999999995,0.096,0.094,GREEN,2.857,GREEN,b'0x'
345,01/05/2026 04:40,2.735,0.41000000000000003,0.35000000000000003,0.084,0.083,GREEN,2.849,GREEN,b'0x'
346,01/05/2026 04:45,2.745,0.42999999999999994,0.47,0.12,0.12,GREEN,2.875,GREEN,b'0x'
347,01/05/2026 04:50,2.753,0.42999999999999994,0.39,0.096,0.096,GREEN,2.894,GREEN,b'0x'
348,01/05/2026 04:55,2.762,0.42000000000000004,0.35000000000000003,0.108,0.107,GREEN,2.888,GREEN,b'0x'
349,01/05/2026 05:00,2.769,0.44999999999999996,0.45999999999999996,0.084,0.087,GREEN,2.892,GREEN,b'0x'
350,01/05/2026 05:05,2.78,0.44999999999999996,0.42000000000000004,0.132,0.135,GREEN,2.897,GREEN,b'0x'
351,01/05/2026 05:10,2.791,0.42999999999999994,0.45999999999999996,0.132,0.127,GREEN,2.906,GREEN,b'0x'
352,01/05/2026 05:15,2.801,0.44999999999999996,0.38,0.12,0.121,GREEN,2.926,GREEN,b'0x'
353,01/05/2026 05:20,2.812,0.43999999999999995,0.45999999999999996,0.132,0.132,GREEN,2.93,GREEN,b'0x'
354,01/05/2026 05:25,2.822,0.44999999999999996,0.45999999999999996,0.12,0.117,GREEN,2.935,GREEN,b'0x'
355,01/05/2026 05:30,2.833,0.43999999999999995,0.41000000000000003,0.132,0.129,GREEN,2.975,GREEN,b'0x'
356,01/05/2026 05:35,2.844,0.42000000000000004,0.4,0.132,0.132,GREEN,2.984,GREEN,b'0x'
357,01/05/2026 05:40,2.855,0.44999999999999996,0.42000000000000004,0.132,0.134,GREEN,2.99,GREEN,b'0x'
358,01/05/2026 05:45,2.864,0.44999999999999996,0.41000000000000003,0.108,0.11,GREEN,2.977,GREEN,b'0x'
359,01/05/2026 05:50,2.874,0.47,0.54,0.12,0.123,GREEN,2.988,GREEN,b'0x'
360,01/05/2026 05:55,2.884,0.44999999999999996,0.49,0.12,0.117,GREEN,3.003,GREEN,b'0x'
361,01/05/2026 06:00,2.896,0.45999999999999996,0.48,0.144,0.149,GREEN,3.045,GREEN,b'0x'
362,01/05/2026 06:05,2.907,0.47,0.52,0.132,0.13,GREEN,3.056,GREEN,b'0x'
363,01/05/2026 06:10,2.917,0.43999999999999995,0.41000000000000003,0.12,0.118,GREEN,3.053,GREEN,b'0x'
364,01/05/2026 06:15,2.93,0.45999999999999996,0.51,0.156,0.157,GREEN,3.046,GREEN,b'0x'
365,01/05/2026 06:20,2.939,0.42999999999999994,0.35000000000000003,0.108,0.103,GREEN,3.049,GREEN,b'0x'
366,01/05/2026 06:25,2.95,0.47,0.48,0.132,0.131,GREEN,3.085,GREEN,b'0x'
367,01/05/2026 06:30,2.962,0.44999999999999996,0.4,0.144,0.149,GREEN,3.065,GREEN,b'0x'
368,01/05/2026 06:35,2.973,0.47,0.48,0.132,0.13,GREEN,3.111,GREEN,b'0x'
369,01/05/2026 06:40,2.984,0.43999999999999995,0.41000000000000003,0.132,0.13,GREEN,3.092,GREEN,b'0x'
370,01/05/2026 06:45,2.994,0.47,0.43999999999999995,0.12,0.124,GREEN,3.106,GREEN,b'0x'
371,01/05/2026 06:50,3.006,0.45999999999999996,0.48,0.144,0.147,GREEN,3.109,GREEN,b'0x'
372,01/05/2026 06:55,3.016,0.45999999999999996,0.41000000000000003,0.12,0.116,GREEN,3.126,GREEN,b'0x'
373,01/05/2026 07:00,3.026,0.42999999999999994,0.43999999999999995,0.12,0.123,GREEN,3.153,GREEN,b'0x'
374,01/05/2026 07:05,3.037,0.45999999999999996,0.38,0.132,0.13,GREEN,3.125,GREEN,b'0x'
375,01/05/2026 07:10,3.046,0.44999999999999996,0.48,0.108,0.112,GREEN,3.152,GREEN,b'0x'
376,01/05/2026 07:15,3.055,0.43999999999999995,0.39,0.108,0.109,GREEN,3.161,GREEN,b'0x'
377,01/05/2026 07:20,3.064,0.45999999999999996,0.51,0.108,0.108,GREEN,3.172,GREEN,b'0x'
378,01/05/2026 07:25,3.073,0.45999999999999996,0.47,0.108,0.104,GREEN,3.156,GREEN,b'0x'
379,01/05/2026 07:30,3.083,0.42000000000000004,0.38,0.12,0.115,GREEN,3.165,GREEN,b'0x'
380,01/05/2026 07:35,3.092,0.44999999999999996,0.47,0.108,0.112,GREEN,3.192,GREEN,b'0x'
381,01/05/2026 07:40,3.101,0.43999999999999995,0.5,0.108,0.106,GREEN,3.204,GREEN,b'0x'
382,01/05/2026 07:45,3.111,0.44999999999999996,0.49,0.12,0.123,GREEN,3.171,GREEN,b'0x'
383,01/05/2026 07:50,3.119,0.42999999999999994,0.49,0.096,0.098,GREEN,3.197,GREEN,b'0x'
384,01/05/2026 07:55,3.129,0.43999999999999995,0.39,0.12,0.123,GREEN,3.191,GREEN,b'0x'
385,01/05/2026 08:00,3.137,0.45999999999999996,0.42000000000000004,0.096,0.097,GREEN,3.225,GREEN,b'0x'
386,01/05/2026 08:05,3.144,0.42000000000000004,0.37,0.084,0.089,GREEN,3.21,GREEN,b'0x'
387,01/05/2026 08:10,3.149,0.42999999999999994,0.5,0.06,0.057,GREEN,3.21,GREEN,b'0x'
388,01/05/2026 08:15,3.155,0.42000000000000004,0.34,0.072,0.071,GREEN,3.205,GREEN,b'0x'
389,01/05/2026 08:20,3.162,0.43999999999999995,0.42000000000000004,0.084,0.084,GREEN,3.199,GREEN,b'0x'
390,01/05/2026 08:25,3.167,0.41000000000000003,0.36,0.06,0.058,GREEN,3.202,GREEN,b'0x'
391,01/05/2026 08:30,3.173,0.41000000000000003,0.49,0.072,0.071,GREEN,3.219,GREEN,b'0x'
392,01/05/2026 08:35,3.178,0.42999999999999994,0.38,0.06,0.061,GREEN,3.199,GREEN,b'0x'
393,01/05/2026 08:40,3.185,0.41000000000000003,0.43999999999999995,0.084,0.081,GREEN,3.215,GREEN,b'0x'
394,01/05/2026 08:45,3.19,0.42000000000000004,0.36,0.06,0.062,GREEN,3.21,GREEN,b'0x'
395,01/05/2026 08:50,3.197,0.41000000000000003,0.44999999999999996,0.084,0.084,GREEN,3.222,GREEN,b'0x'
396,01/05/2026 08:55,3.202,0.42000000000000004,0.45999999999999996,0.06,0.056,GREEN,3.213,GREEN,b'0x'
397,01/05/2026 09:00,3.208,0.39,0.36,0.072,0.074,GREEN,3.216,GREEN,b'0x'
398,01/05/2026 09:05,3.21,0.39,0.41000000000000003,0.024,0.02,GREEN,3.209,GREEN,b'0x'
399,01/05/2026 09:10,3.21,0.38,0.34,0.0,-0.002,GREEN,3.203,GREEN,b'0x'
400,01/05/2026 09:15,3.211,0.39,0.4,0.012,0.016,GREEN,3.219,GREEN,b'0x'
401,01/05/2026 09:20,3.212,0.38,0.31,0.012,0.011,GREEN,3.205,GREEN,b'0x'
402,01/05/2026 09:25,3.213,0.35000000000000003,0.38,0.012,0.01,GREEN,3.199,GREEN,b'0x'
403,01/05/2026 09:30,3.213,0.35000000000000003,0.32,0.0,-0.003,GREEN,3.223,GREEN,b'0x'
404,01/05/2026 09:35,3.214,0.36,0.43999999999999995,0.012,0.011,GREEN,3.206,GREEN,b'0x'
405,01/05/2026 09:40,3.216,0.36,0.36,0.024,0.023,GREEN,3.212,GREEN,b'0x'
406,01/05/2026 09:45,3.217,0.35000000000000003,0.31,0.012,0.012,GREEN,3.224,GREEN,b'0x'
407,01/05/2026 09:50,3.217,0.34,0.42000000000000004,0.0,-0.001,GREEN,3.204,GREEN,b'0x'
408,01/05/2026 09:55,3.217,0.36,0.4,0.0,-0.005,GREEN,3.197,GREEN,b'0x'
409,01/05/2026 10:00,3.219,0.36,0.31,0.024,0.021,GREEN,3.194,GREEN,b'0x'
410,01/05/2026 10:05,3.218,0.33,0.27,-0.012,-0.011,GREEN,3.225,GREEN,b'0x'
411,01/05/2026 10:10,3.217,0.34,0.29000000000000004,-0.012,-0.013,GREEN,3.207,GREEN,b'0x'
412,01/05/2026 10:15,3.216,0.34,0.36,-0.012,-0.008,GREEN,3.209,GREEN,b'0x'
413,01/05/2026 10:20,3.216,0.34,0.36,0.0,0.001,GREEN,3.218,GREEN,b'0x'
414,01/05/2026 10:25,3.215,0.32,0.3,-0.012,-0.008,GREEN,3.205,GREEN,b'0x'
415,01/05/2026 10:30,3.215,0.31,0.36,0.0,-0.001,GREEN,3.216,GREEN,b'0x'
416,01/05/2026 10:35,3.213,0.31,0.35000000000000003,-0.024,-0.022,GREEN,3.214,GREEN,b'0x'
417,01/05/2026 10:40,3.213,0.34,0.42000000000000004,0.0,0.002,GREEN,3.184,GREEN,b'0x'
418,01/05/2026 10:45,3.211,0.33,0.29000000000000004,-0.024,-0.022,GREEN,3.212,GREEN,b'0x'
419,01/05/2026 10:50,3.21,0.31,0.3,-0.012,-0.009,GREEN,3.202,GREEN,b'0x'
420,01/05/2026 10:55,3.211,0.34,0.29000000000000004,0.012,0.016,GREEN,3.174,GREEN,b'0x'
421,01/05/2026 11:00,3.209,0.33,0.29000000000000004,-0.024,-0.02,GREEN,3.206,GREEN,b'0x'
422,01/05/2026 11:05,3.208,0.34,0.27,-0.012,-0.012,GREEN,3.194,GREEN,b'0x'
423,01/05/2026 11:10,3.206,0.33,0.29000000000000004,-0.024,-0.028,GREEN,3.199,GREEN,b'0x'
424,01/05/2026 11:15,3.205,0.35000000000000003,0.29000000000000004,-0.012,-0.014,GREEN,3.194,GREEN,b'0x'
425,01/05/2026 11:20,3.202,0.35000000000000003,0.37,-0.036,-0.033,GREEN,3.164,GREEN,b'0x'
426,01/05/2026 11:25,3.201,0.36,0.41000000000000003,-0.012,-0.014,GREEN,3.191,GREEN,b'0x'
427,01/05/2026 11:30,3.2,0.32,0.32,-0.012,-0.011,GREEN,3.186,GREEN,b'0x'
428,01/05/2026 11:35,3.199,0.36,0.4,-0.012,-0.015,GREEN,3.167,GREEN,b'0x'
429,01/05/2026 11:40,3.196,0.35000000000000003,0.34,-0.036,-0.034,GREEN,3.161,GREEN,b'0x'
430,01/05/2026 11:45,3.194,0.32,0.37,-0.024,-0.028,GREEN,3.173,GREEN,b'0x'
431,01/05/2026 11:50,3.193,0.32,0.32,-0.012,-0.016,GREEN,3.158,GREEN,b'0x'
432,01/05/2026 11:55,3.192,0.34,0.35000000000000003,-0.012,-0.01,GREEN,3.182,GREEN,b'0x'
433,01/05/2026 12:00,3.191,0.35000000000000003,0.41000000000000003,-0.012,-0.013,GREEN,3.171,GREEN,b'0x'
434,01/05/2026 12:05,3.188,0.34,0.41000000000000003,-0.036,-0.034,GREEN,3.167,GREEN,b'0x'
435,01/05/2026 12:10,3.185,0.36,0.39,-0.036,-0.033,GREEN,3.173,GREEN,b'0x'
436,01/05/2026 12:15,3.184,0.35000000000000003,0.42999999999999994,-0.012,-0.013,GREEN,3.147,GREEN,b'0x'
437,01/05/2026 12:20,3.18,0.35000000000000003,0.34,-0.048,-0.044,GREEN,3.154,GREEN,b'0x'
438,01/05/2026 12:25,3.178,0.36,0.37,-0.024,-0.025,GREEN,3.17,GREEN,b'0x'
439,01/05/2026 12:30,3.176,0.34,0.37,-0.024,-0.025,GREEN,3.158,GREEN,b'0x'
440,01/05/2026 12:35,3.175,0.33,0.36,-0.012,-0.013,GREEN,3.163,GREEN,b'0x'
441,01/05/2026 12:40,3.172,0.37,0.36,-0.036,-0.037,GREEN,3.15,GREEN,b'0x'
442,01/05/2026 12:45,3.17,0.36,0.4,-0.024,-0.02,GREEN,3.129,GREEN,b'0x'
443,01/05/2026 12:50,3.169,0.33,0.25,-0.012,-0.01,GREEN,3.115,GREEN,b'0x'
444,01/05/2026 12:55,3.165,0.33,0.41000000000000003,-0.048,-0.047,GREEN,3.138,GREEN,b'0x'
445,01/05/2026 13:00,3.164,0.35000000000000003,0.31,-0.012,-0.007,GREEN,3.127,GREEN,b'0x'
446,01/05/2026 13:05,3.161,0.37,0.42000000000000004,-0.036,-0.037,GREEN,3.127,GREEN,b'0x'
447,01/05/2026 13:10,3.157,0.37,0.32,-0.048,-0.045,GREEN,3.119,GREEN,b'0x'
448,01/05/2026 13:15,3.156,0.35000000000000003,0.42999999999999994,-0.012,-0.009,GREEN,3.124,GREEN,b'0x'
449,01/05/2026 13:20,3.152,0.38,0.44999999999999996,-0.048,-0.053,GREEN,3.138,GREEN,b'0x'
450,01/05/2026 13:25,3.15,0.38,0.44999999999999996,-0.024,-0.02,GREEN,3.107,GREEN,b'0x'
451,01/05/2026 13:30,3.147,0.34,0.35000000000000003,-0.036,-0.04,GREEN,3.107,GREEN,b'0x'
452,01/05/2026 13:35,3.144,0.34,0.3,-0.036,-0.034,GREEN,3.096,GREEN,b'0x'
453,01/05/2026 13:40,3.142,0.35000000000000003,0.38,-0.024,-0.02,GREEN,3.093,GREEN,b'0x'
454,01/05/2026 13:45,3.139,0.36,0.43999999999999995,-0.036,-0.04,GREEN,3.122,GREEN,b'0x'
455,01/05/2026 13:50,3.135,0.36,0.31,-0.048,-0.046,GREEN,3.104,GREEN,b'0x'
456,01/05/2026 13:55,3.133,0.38,0.44999999999999996,-0.024,-0.028,GREEN,3.09,GREEN,b'0x'
457,01/05/2026 14:00,3.13,0.35000000000000003,0.32,-0.036,-0.032,GREEN,3.086,GREEN,b'0x'
458,01/05/2026 14:05,3.128,0.38,0.35000000000000003,-0.024,-0.025,GREEN,3.081,GREEN,b'0x'
459,01/05/2026 14:10,3.123,0.37,0.42000000000000004,-0.06,-0.058,GREEN,3.069,GREEN,b'0x'
460,01/05/2026 14:15,3.121,0.34,0.38,-0.024,-0.024,GREEN,3.067,GREEN,b'0x'
461,01/05/2026 14:20,3.118,0.36,0.33,-0.036,-0.039,GREEN,3.093,GREEN,b'0x'
462,01/05/2026 14:25,3.114,0.37,0.31,-0.048,-0.05,GREEN,3.074,GREEN,b'0x'
463,01/05/2026 14:30,3.111,0.38,0.39,-0.036,-0.033,GREEN,3.058,GREEN,b'0x'
464,01/05/2026 14:35,3.108,0.37,0.4,-0.036,-0.038,GREEN,3.071,GREEN,b'0x'
465,01/05/2026 14:40,3.106,0.38,0.41000000000000003,-0.024,-0.029,GREEN,3.064,GREEN,b'0x'
466,01/05/2026 14:45,3.102,0.35000000000000003,0.39,-0.048,-0.049,GREEN,3.049,GREEN,b'0x'
467,01/05/2026 14:50,3.099,0.36,0.35000000000000003,-0.036,-0.036,GREEN,3.071,GREEN,b'0x'
468,01/05/2026 14:55,3.095,0.34,0.41000000000000003,-0.048,-0.05,GREEN,3.033,GREEN,b'0x'
469,01/05/2026 15:00,3.093,0.37,0.35000000000000003,-0.024,-0.022,GREEN,3.057,GREEN,b'0x'
470,01/05/2026 15:05,3.088,0.38,0.31,-0.06,-0.06,GREEN,3.057,GREEN,b'0x'
471,01/05/2026 15:10,3.085,0.36,0.36,-0.036,-0.038,GREEN,3.052,GREEN,b'0x'
472,01/05/2026 15:15,3.081,0.35000000000000003,0.3,-0.048,-0.05,GREEN,3.021,GREEN,b'0x'
473,01/05/2026 15:20,3.077,0.35000000000000003,0.4,-0.048,-0.043,GREEN,3.04,GREEN,b'0x'
474,01/05/2026 15:25,3.075,0.38,0.32,-0.024,-0.02,GREEN,3.03,GREEN,b'0x'
475,01/05/2026 15:30,3.07,0.38,0.36,-0.06,-0.065,GREEN,3.027,GREEN,b'0x'
476,01/05/2026 15:35,3.067,0.34,0.42000000000000004,-0.036,-0.031,GREEN,3.015,GREEN,b'0x'
477,01/05/2026 15:40,3.064,0.37,0.4,-0.036,-0.039,GREEN,3.001,GREEN,b'0x'
478,01/05/2026 15:45,3.061,0.36,0.32,-0.036,-0.04,GREEN,2.996,GREEN,b'0x'
479,01/05/2026 15:50,3.056,0.36,0.39,-0.06,-0.065,GREEN,3.016,GREEN,b'0x'
480,01/05/2026 15:55,3.052,0.35000000000000003,0.33,-0.048,-0.049,GREEN,2.995,GREEN,b'0x'
481,01/05/2026 16:00,3.049,0.39,0.31,-0.036,-0.033,GREEN,3.008,GREEN,b'0x'
482,01/05/2026 16:05,3.046,0.37,0.38,-0.036,-0.038,GREEN,2.996,GREEN,b'0x'
483,01/05/2026 16:10,3.042,0.36,0.35000000000000003,-0.048,-0.045,GREEN,2.988,GREEN,b'0x'
484,01/05/2026 16:15,3.038,0.35000000000000003,0.33,-0.048,-0.049,GREEN,2.978,GREEN,b'0x'
485,01/05/2026 16:20,3.034,0.38,0.35000000000000003,-0.048,-0.051,GREEN,2.98,GREEN,b'0x'
486,01/05/2026 16:25,3.03,0.39,0.32,-0.048,-0.048,GREEN,2.984,GREEN,b'0x'
487,01/05/2026 16:30,3.027,0.39,0.36,-0.036,-0.035,GREEN,2.998,GREEN,b'0x'
488,01/05/2026 16:35,3.022,0.37,0.42000000000000004,-0.06,-0.058,GREEN,2.975,GREEN,b'0x'
489,01/05/2026 16:40,3.019,0.35000000000000003,0.41000000000000003,-0.036,-0.034,GREEN,2.963,GREEN,b'0x'
490,01/05/2026 16:45,3.014,0.35000000000000003,0.41000000000000003,-0.06,-0.057,GREEN,2.963,GREEN,b'0x'
491,01/05/2026 16:50,3.011,0.36,0.33,-0.036,-0.036,GREEN,2.965,GREEN,b'0x'
492,01/05/2026 16:55,3.007,0.35000000000000003,0.38,-0.048,-0.044,GREEN,2.969,GREEN,b'0x'
493,01/05/2026 17:00,3.003,0.4,0.34,-0.048,-0.051,GREEN,2.971,GREEN,b'0x'
494,01/05/2026 17:05,2.998,0.35000000000000003,0.31,-0.06,-0.057,GREEN,2.947,GREEN,b'0x'
495,01/05/2026 17:10,2.996,0.38,0.38,-0.024,-0.026,GREEN,2.936,GREEN,b'0x'
496,01/05/2026 17:15,2.99,0.35000000000000003,0.37,-0.072,-0.077,GREEN,2.958,GREEN,b'0x'
497,01/05/2026 17:20,2.987,0.38,0.45999999999999996,-0.036,-0.034,GREEN,2.955,GREEN,b'0x'
498,01/05/2026 17:25,2.984,0.36,0.36,-0.036,-0.036,GREEN,2.936,GREEN,b'0x'
499,01/05/2026 17:30,2.979,0.39,0.35000000000000003,-0.06,-0.059,GREEN,2.944,GREEN,b'0x'
500,01/05/2026 17:35,2.975,0.39,0.34,-0.048,-0.045,GREEN,2.917,GREEN,b'0x'
501,01/05/2026 17:40,2.972,0.35000000000000003,0.28,-0.036,-0.04,GREEN,2.904,GREEN,b'0x'
502,01/05/2026 17:45,2.968,0.35000000000000003,0.29000000000000004,-0.048,-0.043,GREEN,2.916,GREEN,b'0x'
503,01/05/2026 17:50,2.964,0.35000000000000003,0.42000000000000004,-0.048,-0.046,GREEN,2.929,GREEN,b'0x'
504,01/05/2026 17:55,2.959,0.37,0.36,-0.06,-0.061,GREEN,2.921,GREEN,b'0x'
505,01/05/2026 18:00,2.956,0.36,0.4,-0.036,-0.036,GREEN,2.926,GREEN,b'0x'
506,01/05/2026 18:05,2.951,0.39,0.38,-0.06,-0.057,GREEN,2.916,GREEN,b'0x'
507,01/05/2026 18:10,2.949,0.4,0.43999999999999995,-0.024,-0.027,GREEN,2.899,GREEN,b'0x'
508,01/05/2026 18:15,2.944,0.38,0.45999999999999996,-0.06,-0.064,GREEN,2.902,GREEN,b'0x'
509,01/05/2026 18:20,2.94,0.37,0.42000000000000004,-0.048,-0.045,GREEN,2.884,GREEN,b'0x'
510,01/05/2026 18:25,2.935,0.36,0.43999999999999995,-0.06,-0.059,GREEN,2.89,GREEN,b'0x'
511,01/05/2026 18:30,2.933,0.37,0.35000000000000003,-0.024,-0.028,GREEN,2.903,GREEN,b'0x'
512,01/05/2026 18:35,2.927,0.35000000000000003,0.39,-0.072,-0.074,GREEN,2.9,GREEN,b'0x'
513,01/05/2026 18:40,2.923,0.4,0.36,-0.048,-0.046,GREEN,2.888,GREEN,b'0x'
514,01/05/2026 18:45,2.92,0.39,0.39,-0.036,-0.034,GREEN,2.871,GREEN,b'0x'
515,01/05/2026 18:50,2.916,0.35000000000000003,0.4,-0.048,-0.049,GREEN,2.886,GREEN,b'0x'
516,01/05/2026 18:55,2.912,0.38,0.4,-0.048,-0.05,GREEN,2.865,GREEN,b'0x'
517,01/05/2026 19:00,2.907,0.38,0.33,-0.06,-0.057,GREEN,2.878,GREEN,b'0x'
518,01/05/2026 19:05,2.905,0.37,0.41000000000000003,-0.024,-0.022,GREEN,2.857,GREEN,b'0x'
519,01/05/2026 19:10,2.901,0.37,0.38,-0.048,-0.048,GREEN,2.856,GREEN,b'0x'
520,01/05/2026 19:15,2.896,0.39,0.36,-0.06,-0.056,GREEN,2.856,GREEN,b'0x'
521,01/05/2026 19:20,2.892,0.39,0.42000000000000004,-0.048,-0.046,GREEN,2.863,GREEN,b'0x'
522,01/05/2026 19:25,2.889,0.35000000000000003,0.39,-0.036,-0.035,GREEN,2.827,GREEN,b'0x'
523,01/05/2026 19:30,2.884,0.36,0.36,-0.06,-0.063,GREEN,2.824,GREEN,b'0x'
524,01/05/2026 19:35,2.882,0.39,0.35000000000000003,-0.024,-0.022,GREEN,2.827,GREEN,b'0x'
525,01/05/2026 19:40,2.877,0.38,0.34,-0.06,-0.061,GREEN,2.82,GREEN,b'0x'
526,01/05/2026 19:45,2.873,0.39,0.42000000000000004,-0.048,-0.048,GREEN,2.827,GREEN,b'0x'
527,01/05/2026 19:50,2.87,0.35000000000000003,0.4,-0.036,-0.032,GREEN,2.839,GREEN,b'0x'
528,01/05/2026 19:55,2.866,0.39,0.33,-0.048,-0.044,GREEN,2.836,GREEN,b'0x'
529,01/05/2026 20:00,2.863,0.4,0.38,-0.036,-0.037,GREEN,2.814,GREEN,b'0x'
530,01/05/2026 20:05,2.858,0.36,0.41000000000000003,-0.06,-0.062,GREEN,2.812,GREEN,b'0x'
531,01/05/2026 20:10,2.855,0.36,0.34,-0.036,-0.036,GREEN,2.82,GREEN,b'0x'
532,01/05/2026 20:15,2.85,0.37,0.37,-0.06,-0.06,GREEN,2.821,GREEN,b'0x'
533,01/05/2026 20:20,2.846,0.37,0.34,-0.048,-0.048,GREEN,2.787,GREEN,b'0x'
534,01/05/2026 20:25,2.844,0.35000000000000003,0.31,-0.024,-0.027,GREEN,2.816,GREEN,b'0x'
535,01/05/2026 20:30,2.839,0.35000000000000003,0.38,-0.06,-0.063,GREEN,2.787,GREEN,b'0x'
536,01/05/2026 20:35,2.835,0.38,0.31,-0.048,-0.046,GREEN,2.784,GREEN,b'0x'
537,01/05/2026 20:40,2.832,0.39,0.43999999999999995,-0.036,-0.037,GREEN,2.801,GREEN,b'0x'
538,01/05/2026 20:45,2.828,0.38,0.4,-0.048,-0.047,GREEN,2.803,GREEN,b'0x'
539,01/05/2026 20:50,2.824,0.39,0.43999999999999995,-0.048,-0.051,GREEN,2.781,GREEN,b'0x'
540,01/05/2026 20:55,2.821,0.39,0.31,-0.036,-0.034,GREEN,2.781,GREEN,b'0x'
541,01/05/2026 21:00,2.818,0.35000000000000003,0.38,-0.036,-0.034,GREEN,2.794,GREEN,b'0x'
542,01/05/2026 21:05,2.814,0.35000000000000003,0.35000000000000003,-0.048,-0.047,GREEN,2.793,GREEN,b'0x'
543,01/05/2026 21:10,2.81,0.38,0.42000000000000004,-0.048,-0.051,GREEN,2.778,GREEN,b'0x'
544,01/05/2026 21:15,2.807,0.38,0.34,-0.036,-0.04,GREEN,2.776,GREEN,b'0x'
545,01/05/2026 21:20,2.803,0.38,0.38,-0.048,-0.051,GREEN,2.761,GREEN,b'0x'
546,01/05/2026 21:25,2.801,0.35000000000000003,0.39,-0.024,-0.026,GREEN,2.773,GREEN,b'0x'
547,01/05/2026 21:30,2.797,0.35000000000000003,0.31,-0.048,-0.053,GREEN,2.75,GREEN,b'0x'
548,01/05/2026 21:35,2.794,0.39,0.4,-0.036,-0.038,GREEN,2.738,GREEN,b'0x'
549,01/05/2026 21:40,2.789,0.38,0.44999999999999996,-0.06,-0.06,GREEN,2.753,GREEN,b'0x'
550,01/05/2026 21:45,2.786,0.35000000000000003,0.4,-0.036,-0.033,GREEN,2.754,GREEN,b'0x'
551,01/05/2026 21:50,2.784,0.38,0.34,-0.024,-0.022,GREEN,2.753,GREEN,b'0x'
552,01/05/2026 21:55,2.779,0.37,0.41000000000000003,-0.06,-0.06,GREEN,2.754,GREEN,b'0x'
553,01/05/2026 22:00,2.777,0.37,0.42000000000000004,-0.024,-0.028,GREEN,2.721,GREEN,b'0x'
554,01/05/2026 22:05,2.775,0.35000000000000003,0.31,-0.024,-0.024,GREEN,2.756,GREEN,b'0x'
555,01/05/2026 22:10,2.771,0.37,0.34,-0.048,-0.052,GREEN,2.736,GREEN,b'0x'
556,01/05/2026 22:15,2.768,0.38,0.45999999999999996,-0.036,-0.037,GREEN,2.742,GREEN,b'0x'
557,01/05/2026 22:20,2.765,0.36,0.39,-0.036,-0.041,GREEN,2.721,GREEN,b'0x'
558,01/05/2026 22:25,2.762,0.36,0.4,-0.036,-0.04,GREEN,2.747,GREEN,b'0x'
559,01/05/2026 22:30,2.759,0.38,0.36,-0.036,-0.035,GREEN,2.739,GREEN,b'0x'
560,01/05/2026 22:35,2.756,0.34,0.37,-0.036,-0.038,GREEN,2.74,GREEN,b'0x'
561,01/05/2026 22:40,2.754,0.34,0.27,-0.024,-0.023,GREEN,2.72,GREEN,b'0x'
562,01/05/2026 22:45,2.751,0.34,0.29000000000000004,-0.036,-0.032,GREEN,2.729,GREEN,b'0x'
563,01/05/2026 22:50,2.748,0.36,0.41000000000000003,-0.036,-0.037,GREEN,2.722,GREEN,b'0x'
564,01/05/2026 22:55,2.743,0.35000000000000003,0.41000000000000003,-0.06,-0.063,GREEN,2.716,GREEN,b'0x'
565,01/05/2026 23:00,2.74,0.35000000000000003,0.3,-0.036,-0.039,GREEN,2.721,GREEN,b'0x'
566,01/05/2026 23:05,2.739,0.37,0.41000000000000003,-0.012,-0.013,GREEN,2.705,GREEN,b'0x'
567,01/05/2026 23:10,2.737,0.36,0.41000000000000003,-0.024,-0.028,GREEN,2.719,GREEN,b'0x'
568,01/05/2026 23:15,2.733,0.35000000000000003,0.4,-0.048,-0.045,GREEN,2.693,GREEN,b'0x'
569,01/05/2026 23:20,2.73,0.38,0.41000000000000003,-0.036,-0.04,GREEN,2.722,GREEN,b'0x'
570,01/05/2026 23:25,2.728,0.35000000000000003,0.42000000000000004,-0.024,-0.023,GREEN,2.704,GREEN,b'0x'
571,01/05/2026 23:30,2.727,0.36,0.34,-0.012,-0.007,GREEN,2.715,GREEN,b'0x'
572,01/05/2026 23:35,2.724,0.35000000000000003,0.4,-0.036,-0.037,GREEN,2.681,GREEN,b'0x'
573,01/05/2026 23:40,2.72,0.38,0.31,-0.048,-0.043,GREEN,2.701,GREEN,b'0x'
574,01/05/2026 23:45,2.718,0.36,0.42999999999999994,-0.024,-0.021,GREEN,2.708,GREEN,b'0x'
575,01/05/2026 23:50,2.716,0.34,0.4,-0.024,-0.021,GREEN,2.691,GREEN,b'0x'
576,01/05/2026 23:55,2.713,0.37,0.38,-0.036,-0.033,GREEN,2.691,GREEN,b'0x'
577,02/05/2026 00:00,2.711,0.37,0.43999999999999995,-0.024,-0.021,GREEN,2.67,GREEN,b'0x'
578,02/05/2026 00:05,2.71,0.34,0.26,-0.012,-0.014,GREEN,2.703,GREEN,b'0x'
579,02/05/2026 00:10,2.708,0.33,0.36,-0.024,-0.025,GREEN,2.694,GREEN,b'0x'
580,02/05/2026 00:15,2.705,0.34,0.36,-0.036,-0.034,GREEN,2.669,GREEN,b'0x'
581,02/05/2026 00:20,2.704,0.34,0.38,-0.012,-0.011,GREEN,2.7,GREEN,b'0x'
582,02/05/2026 00:25,2.702,0.35000000000000003,0.32,-0.024,-0.027,GREEN,2.663,GREEN,b'0x'
583,02/05/2026 00:30,2.699,0.34,0.37,-0.036,-0.037,GREEN,2.67,GREEN,b'0x'
584,02/05/2026 00:35,2.699,0.35000000000000003,0.32,0.0,0.002,GREEN,2.677,GREEN,b'0x'
585,02/05/2026 00:40,2.696,0.34,0.41000000000000003,-0.036,-0.033,GREEN,2.679,GREEN,b'0x'
586,02/05/2026 00:45,2.694,0.36,0.39,-0.024,-0.028,GREEN,2.69,GREEN,b'0x'
587,02/05/2026 00:50,2.692,0.33,0.29000000000000004,-0.024,-0.023,GREEN,2.666,GREEN,b'0x'
588,02/05/2026 00:55,2.69,0.37,0.4,-0.024,-0.023,GREEN,2.668,GREEN,b'0x'
589,02/05/2026 01:00,2.688,0.34,0.38,-0.024,-0.021,GREEN,2.67,GREEN,b'0x'
590,02/05/2026 01:05,2.687,0.34,0.27,-0.012,-0.009,GREEN,2.686,GREEN,b'0x'
591,02/05/2026 01:10,2.685,0.36,0.38,-0.024,-0.023,GREEN,2.678,GREEN,b'0x'
592,02/05/2026 01:15,2.684,0.32,0.26,-0.012,-0.007,GREEN,2.675,GREEN,b'0x'
593,02/05/2026 01:20,2.684,0.34,0.26,0.0,0.002,GREEN,2.658,GREEN,b'0x'
594,02/05/2026 01:25,2.682,0.35000000000000003,0.37,-0.024,-0.024,GREEN,2.688,GREEN,b'0x'
595,02/05/2026 01:30,2.681,0.32,0.4,-0.012,-0.017,GREEN,2.672,GREEN,b'0x'
596,02/05/2026 01:35,2.68,0.36,0.42000000000000004,-0.012,-0.012,GREEN,2.684,GREEN,b'0x'
597,02/05/2026 01:40,2.679,0.34,0.32,-0.012,-0.016,GREEN,2.662,GREEN,b'0x'
598,02/05/2026 01:45,2.678,0.34,0.29000000000000004,-0.012,-0.009,GREEN,2.692,GREEN,b'0x'
599,02/05/2026 01:50,2.677,0.35000000000000003,0.41000000000000003,-0.012,-0.008,GREEN,2.681,GREEN,b'0x'
600,02/05/2026 01:55,2.674,0.34,0.29000000000000004,-0.036,-0.039,GREEN,2.663,GREEN,b'0x'
601,02/05/2026 02:00,2.674,0.32,0.34,0.0,-0.005,GREEN,2.666,GREEN,b'0x'
602,02/05/2026 02:05,2.674,0.34,0.32,0.0,-0.002,GREEN,2.656,GREEN,b'0x'
603,02/05/2026 02:10,2.674,0.35000000000000003,0.4,0.0,-0.003,GREEN,2.664,GREEN,b'0x'
604,02/05/2026 02:15,2.673,0.32,0.36,-0.012,-0.014,GREEN,2.68,GREEN,b'0x'
605,02/05/2026 02:20,2.673,0.32,0.38,0.0,-0.001,GREEN,2.677,GREEN,b'0x'
606,02/05/2026 02:25,2.674,0.35000000000000003,0.42999999999999994,0.012,0.012,GREEN,2.704,GREEN,b'0x'
607,02/05/2026 02:30,2.672,0.33,0.28,-0.024,-0.026,GREEN,2.686,GREEN,b'0x'
608,02/05/2026 02:35,2.673,0.34,0.41000000000000003,0.012,0.01,GREEN,2.704,GREEN,b'0x'
609,02/05/2026 02:40,2.671,0.33,0.38,-0.024,-0.028,GREEN,2.702,GREEN,b'0x'
610,02/05/2026 02:45,2.673,0.31,0.39,0.024,0.023,GREEN,2.714,GREEN,b'0x'
611,02/05/2026 02:50,2.672,0.34,0.41000000000000003,-0.012,-0.012,GREEN,2.717,GREEN,b'0x'
612,02/05/2026 02:55,2.671,0.34,0.33,-0.012,-0.008,GREEN,2.706,GREEN,b'0x'
613,02/05/2026 03:00,2.672,0.35000000000000003,0.32,0.012,0.015,GREEN,2.733,GREEN,b'0x'
614,02/05/2026 03:05,2.674,0.32,0.28,0.024,0.029,GREEN,2.728,GREEN,b'0x'
615,02/05/2026 03:10,2.679,0.31,0.31,0.06,0.06,GREEN,2.723,GREEN,b'0x'
616,02/05/2026 03:15,2.682,0.35000000000000003,0.38,0.036,0.039,GREEN,2.735,GREEN,b'0x'
617,02/05/2026 03:20,2.686,0.35000000000000003,0.42000000000000004,0.048,0.045,GREEN,2.729,GREEN,b'0x'
618,02/05/2026 03:25,2.688,0.32,0.3,0.024,0.025,GREEN,2.744,GREEN,b'0x'
619,02/05/2026 03:30,2.693,0.35000000000000003,0.34,0.06,0.061,GREEN,2.782,GREEN,b'0x'
620,02/05/2026 03:35,2.695,0.34,0.36,0.024,0.021,GREEN,2.751,GREEN,b'0x'
621,02/05/2026 03:40,2.7,0.34,0.29000000000000004,0.06,0.058,GREEN,2.784,GREEN,b'0x'
622,02/05/2026 03:45,2.703,0.35000000000000003,0.29000000000000004,0.036,0.035,GREEN,2.802,GREEN,b'0x'
623,02/05/2026 03:50,2.706,0.37,0.32,0.036,0.035,GREEN,2.797,GREEN,b'0x'
624,02/05/2026 03:55,2.711,0.38,0.45999999999999996,0.06,0.061,GREEN,2.789,GREEN,b'0x'
625,02/05/2026 04:00,2.714,0.37,0.42999999999999994,0.036,0.032,GREEN,2.826,GREEN,b'0x'
626,02/05/2026 04:05,2.723,0.35000000000000003,0.31,0.108,0.107,GREEN,2.818,GREEN,b'0x'
627,02/05/2026 04:10,2.73,0.38,0.42999999999999994,0.084,0.085,GREEN,2.825,GREEN,b'0x'
628,02/05/2026 04:15,2.738,0.4,0.44999999999999996,0.096,0.092,GREEN,2.84,GREEN,b'0x'
629,02/05/2026 04:20,2.747,0.38,0.35000000000000003,0.108,0.105,GREEN,2.849,GREEN,b'0x'
630,02/05/2026 04:25,2.754,0.41000000000000003,0.33,0.084,0.084,GREEN,2.859,GREEN,b'0x'
631,02/05/2026 04:30,2.763,0.39,0.35000000000000003,0.108,0.105,GREEN,2.875,GREEN,b'0x'
632,02/05/2026 04:35,2.77,0.42000000000000004,0.36,0.084,0.085,GREEN,2.9,GREEN,b'0x'
633,02/05/2026 04:40,2.778,0.42000000000000004,0.41000000000000003,0.096,0.1,GREEN,2.893,GREEN,b'0x'
634,02/05/2026 04:45,2.787,0.39,0.39,0.108,0.108,GREEN,2.897,GREEN,b'0x'
635,02/05/2026 04:50,2.794,0.43999999999999995,0.44999999999999996,0.084,0.086,GREEN,2.907,GREEN,b'0x'
636,02/05/2026 04:55,2.802,0.42000000000000004,0.35000000000000003,0.096,0.1,GREEN,2.942,GREEN,b'0x'
637,02/05/2026 05:00,2.812,0.4,0.4,0.12,0.115,GREEN,2.925,GREEN,b'0x'
638,02/05/2026 05:05,2.822,0.42000000000000004,0.42000000000000004,0.12,0.115,GREEN,2.942,GREEN,b'0x'
639,02/05/2026 05:10,2.833,0.43999999999999995,0.49,0.132,0.131,GREEN,2.962,GREEN,b'0x'
640,02/05/2026 05:15,2.844,0.42000000000000004,0.36,0.132,0.13,GREEN,2.982,GREEN,b'0x'
641,02/05/2026 05:20,2.854,0.42999999999999994,0.42999999999999994,0.12,0.123,GREEN,2.994,GREEN,b'0x'
642,02/05/2026 05:25,2.864,0.41000000000000003,0.35000000000000003,0.12,0.117,GREEN,2.984,GREEN,b'0x'
643,02/05/2026 05:30,2.876,0.42000000000000004,0.39,0.144,0.146,GREEN,2.996,GREEN,b'0x'
644,02/05/2026 05:35,2.885,0.45999999999999996,0.47,0.108,0.107,GREEN,3.034,GREEN,b'0x'
645,02/05/2026 05:40,2.896,0.42999999999999994,0.45999999999999996,0.132,0.134,GREEN,3.011,GREEN,b'0x'
646,02/05/2026 05:45,2.908,0.42999999999999994,0.5,0.144,0.14,GREEN,3.056,GREEN,b'0x'
647,02/05/2026 05:50,2.919,0.45999999999999996,0.43999999999999995,0.132,0.128,GREEN,3.043,GREEN,b'0x'
648,02/05/2026 05:55,2.93,0.44999999999999996,0.42000000000000004,0.132,0.128,GREEN,3.074,GREEN,b'0x'
649,02/05/2026 06:00,2.939,0.47,0.51,0.108,0.107,GREEN,3.082,GREEN,b'0x'
650,02/05/2026 06:05,2.952,0.42999999999999994,0.44999999999999996,0.156,0.152,GREEN,3.106,GREEN,b'0x'
651,02/05/2026 06:10,2.963,0.44999999999999996,0.44999999999999996,0.132,0.128,GREEN,3.118,GREEN,b'0x'
652,02/05/2026 06:15,2.974,0.42999999999999994,0.43999999999999995,0.132,0.131,GREEN,3.107,GREEN,b'0x'
653,02/05/2026 06:20,2.986,0.48,0.48,0.144,0.141,GREEN,3.112,GREEN,b'0x'
654,02/05/2026 06:25,2.998,0.45999999999999996,0.42000000000000004,0.144,0.147,GREEN,3.129,GREEN,b'0x'
655,02/05/2026 06:30,3.009,0.43999999999999995,0.37,0.132,0.129,GREEN,3.128,GREEN,b'0x'
656,02/05/2026 06:35,3.02,0.44999999999999996,0.44999999999999996,0.132,0.131,GREEN,3.158,GREEN,b'0x'
657,02/05/2026 06:40,3.031,0.43999999999999995,0.39,0.132,0.129,GREEN,3.158,GREEN,b'0x'
658,02/05/2026 06:45,3.042,0.47,0.47,0.132,0.133,GREEN,3.168,GREEN,b'0x'
659,02/05/2026 06:50,3.054,0.48,0.51,0.144,0.141,GREEN,3.189,GREEN,b'0x'
660,02/05/2026 06:55,3.066,0.47,0.41000000000000003,0.144,0.149,GREEN,3.189,GREEN,b'0x'
661,02/05/2026 07:00,3.078,0.48,0.52,0.144,0.139,GREEN,3.214,GREEN,b'0x'
662,02/05/2026 07:05,3.088,0.45999999999999996,0.44999999999999996,0.12,0.121,GREEN,3.216,GREEN,b'0x'
663,02/05/2026 07:10,3.098,0.43999999999999995,0.5,0.12,0.124,GREEN,3.232,GREEN,b'0x'
664,02/05/2026 07:15,3.108,0.48,0.47,0.12,0.12,GREEN,3.24,GREEN,b'0x'
665,02/05/2026 07:20,3.119,0.45999999999999996,0.5,0.132,0.133,GREEN,3.223,GREEN,b'0x'
666,02/05/2026 07:25,3.128,0.43999999999999995,0.37,0.108,0.106,GREEN,3.256,GREEN,b'0x'
667,02/05/2026 07:30,3.139,0.43999999999999995,0.48,0.132,0.136,GREEN,3.228,GREEN,b'0x'
668,02/05/2026 07:35,3.15,0.45999999999999996,0.54,0.132,0.131,GREEN,3.268,GREEN,b'0x'
669,02/05/2026 07:40,3.16,0.43999999999999995,0.48,0.12,0.121,GREEN,3.246,GREEN,b'0x'
670,02/05/2026 07:45,3.171,0.47,0.4,0.132,0.132,GREEN,3.287,GREEN,b'0x'
671,02/05/2026 07:50,3.181,0.44999999999999996,0.52,0.12,0.125,GREEN,3.273,GREEN,b'0x'
672,02/05/2026 07:55,3.19,0.45999999999999996,0.43999999999999995,0.108,0.111,GREEN,3.302,GREEN,b'0x'
673,02/05/2026 08:00,3.202,0.43999999999999995,0.4,0.144,0.143,GREEN,3.302,GREEN,b'0x'
674,02/05/2026 08:05,3.209,0.47,0.47,0.084,0.084,GREEN,3.286,GREEN,b'0x'
675,02/05/2026 08:10,3.215,0.45999999999999996,0.54,0.072,0.074,GREEN,3.31,GREEN,b'0x'
676,02/05/2026 08:15,3.224,0.44999999999999996,0.47,0.108,0.108,GREEN,3.281,GREEN,b'0x'
677,02/05/2026 08:20,3.23,0.42999999999999994,0.45999999999999996,0.072,0.069,GREEN,3.301,GREEN,b'0x'
678,02/05/2026 08:25,3.239,0.41000000000000003,0.49,0.108,0.104,GREEN,3.318,GREEN,b'0x'
679,02/05/2026 08:30,3.245,0.43999999999999995,0.47,0.072,0.076,GREEN,3.299,GREEN,b'0x'
680,02/05/2026 08:35,3.253,0.41000000000000003,0.43999999999999995,0.096,0.098,GREEN,3.314,GREEN,b'0x'
681,02/05/2026 08:40,3.261,0.44999999999999996,0.4,0.096,0.1,GREEN,3.328,GREEN,b'0x'
682,02/05/2026 08:45,3.268,0.42000000000000004,0.44999999999999996,0.084,0.082,GREEN,3.311,GREEN,b'0x'
683,02/05/2026 08:50,3.274,0.42000000000000004,0.5,0.072,0.073,GREEN,3.3,GREEN,b'0x'
684,02/05/2026 08:55,3.283,0.41000000000000003,0.42000000000000004,0.108,0.109,GREEN,3.301,GREEN,b'0x'
685,02/05/2026 09:00,3.29,0.42000000000000004,0.47,0.084,0.08,GREEN,3.303,GREEN,b'0x'
686,02/05/2026 09:05,3.292,0.39,0.32,0.024,0.02,GREEN,3.321,GREEN,b'0x'
687,02/05/2026 09:10,3.295,0.42000000000000004,0.41000000000000003,0.036,0.039,GREEN,3.336,GREEN,b'0x'
688,02/05/2026 09:15,3.298,0.42000000000000004,0.34,0.036,0.039,GREEN,3.323,GREEN,b'0x'
689,02/05/2026 09:20,3.299,0.41000000000000003,0.47,0.012,0.016,GREEN,3.336,GREEN,b'0x'
690,02/05/2026 09:25,3.303,0.37,0.38,0.048,0.047,GREEN,3.318,GREEN,b'0x'
691,02/05/2026 09:30,3.304,0.4,0.42000000000000004,0.012,0.009,GREEN,3.334,GREEN,b'0x'
692,02/05/2026 09:35,3.307,0.39,0.4,0.036,0.035,GREEN,3.326,GREEN,b'0x'
693,02/05/2026 09:40,3.31,0.39,0.42999999999999994,0.036,0.041,GREEN,3.305,GREEN,b'0x'
694,02/05/2026 09:45,3.313,0.39,0.47,0.036,0.04,GREEN,3.333,GREEN,b'0x'
695,02/05/2026 09:50,3.315,0.37,0.34,0.024,0.023,GREEN,3.306,GREEN,b'0x'
696,02/05/2026 09:55,3.318,0.34,0.27,0.036,0.032,GREEN,3.32,GREEN,b'0x'
697,02/05/2026 10:00,3.32,0.37,0.31,0.024,0.02,GREEN,3.308,GREEN,b'0x'
698,02/05/2026 10:05,3.319,0.35000000000000003,0.33,-0.012,-0.015,GREEN,3.323,GREEN,b'0x'
699,02/05/2026 10:10,3.319,0.36,0.4,0.0,-0.001,GREEN,3.298,GREEN,b'0x'
700,02/05/2026 10:15,3.319,0.34,0.35000000000000003,0.0,0.003,GREEN,3.318,GREEN,b'0x'
701,02/05/2026 10:20,3.318,0.32,0.28,-0.012,-0.015,GREEN,3.317,GREEN,b'0x'
702,02/05/2026 10:25,3.317,0.33,0.41000000000000003,-0.012,-0.016,GREEN,3.29,GREEN,b'0x'
703,02/05/2026 10:30,3.317,0.35000000000000003,0.3,0.0,0.004,GREEN,3.29,GREEN,b'0x'
704,02/05/2026 10:35,3.315,0.34,0.33,-0.024,-0.028,GREEN,3.301,GREEN,b'0x'
705,02/05/2026 10:40,3.315,0.32,0.4,0.0,-0.005,GREEN,3.281,GREEN,b'0x'
706,02/05/2026 10:45,3.313,0.32,0.28,-0.024,-0.02,GREEN,3.293,GREEN,b'0x'
707,02/05/2026 10:50,3.313,0.35000000000000003,0.29000000000000004,0.0,0.002,GREEN,3.284,GREEN,b'0x'
708,02/05/2026 10:55,3.313,0.34,0.39,0.0,-0.003,GREEN,3.31,GREEN,b'0x'
709,02/05/2026 11:00,3.312,0.32,0.3,-0.012,-0.01,GREEN,3.272,GREEN,b'0x'
710,02/05/2026 11:05,3.31,0.34,0.35000000000000003,-0.024,-0.021,GREEN,3.281,GREEN,b'0x'
711,02/05/2026 11:10,3.308,0.33,0.25,-0.024,-0.022,GREEN,3.292,GREEN,b'0x'
712,02/05/2026 11:15,3.306,0.34,0.32,-0.024,-0.021,GREEN,3.27,GREEN,b'0x'
713,02/05/2026 11:20,3.305,0.33,0.34,-0.012,-0.009,GREEN,3.281,GREEN,b'0x'
714,02/05/2026 11:25,3.303,0.34,0.42000000000000004,-0.024,-0.025,GREEN,3.291,GREEN,b'0x'
715,02/05/2026 11:30,3.301,0.36,0.3,-0.024,-0.019,GREEN,3.279,GREEN,b'0x'
716,02/05/2026 11:35,3.299,0.32,0.25,-0.024,-0.019,GREEN,3.266,GREEN,b'0x'
717,02/05/2026 11:40,3.298,0.34,0.29000000000000004,-0.012,-0.01,GREEN,3.269,GREEN,b'0x'
718,02/05/2026 11:45,3.296,0.34,0.3,-0.024,-0.019,GREEN,3.273,GREEN,b'0x'
719,02/05/2026 11:50,3.294,0.33,0.35000000000000003,-0.024,-0.027,GREEN,3.245,GREEN,b'0x'
720,02/05/2026 11:55,3.292,0.32,0.26,-0.024,-0.021,GREEN,3.277,GREEN,b'0x'
721,02/05/2026 12:00,3.291,0.34,0.39,-0.012,-0.007,GREEN,3.25,GREEN,b'0x'
722,02/05/2026 12:05,3.289,0.37,0.36,-0.024,-0.029,GREEN,3.249,GREEN,b'0x'
723,02/05/2026 12:10,3.285,0.37,0.32,-0.048,-0.043,GREEN,3.267,GREEN,b'0x'
724,02/05/2026 12:15,3.282,0.35000000000000003,0.42000000000000004,-0.036,-0.035,GREEN,3.264,GREEN,b'0x'
725,02/05/2026 12:20,3.28,0.33,0.41000000000000003,-0.024,-0.025,GREEN,3.249,GREEN,b'0x'
726,02/05/2026 12:25,3.278,0.35000000000000003,0.4,-0.024,-0.027,GREEN,3.248,GREEN,b'0x'
727,02/05/2026 12:30,3.275,0.33,0.27,-0.036,-0.032,GREEN,3.252,GREEN,b'0x'
728,02/05/2026 12:35,3.273,0.34,0.32,-0.024,-0.019,GREEN,3.226,GREEN,b'0x'
729,02/05/2026 12:40,3.269,0.37,0.29000000000000004,-0.048,-0.045,GREEN,3.234,GREEN,b'0x'
730,02/05/2026 12:45,3.267,0.34,0.35000000000000003,-0.024,-0.02,GREEN,3.212,GREEN,b'0x'
731,02/05/2026 12:50,3.263,0.37,0.41000000000000003,-0.048,-0.052,GREEN,3.205,GREEN,b'0x'
732,02/05/2026 12:55,3.262,0.36,0.31,-0.012,-0.016,GREEN,3.214,GREEN,b'0x'
733,02/05/2026 13:00,3.26,0.34,0.41000000000000003,-0.024,-0.02,GREEN,3.228,GREEN,b'0x'
734,02/05/2026 13:05,3.256,0.33,0.34,-0.048,-0.052,GREEN,3.234,GREEN,b'0x'
735,02/05/2026 13:10,3.252,0.36,0.29000000000000004,-0.048,-0.044,GREEN,3.208,GREEN,b'0x'
736,02/05/2026 13:15,3.248,0.38,0.37,-0.048,-0.046,GREEN,3.201,GREEN,b'0x'
737,02/05/2026 13:20,3.244,0.34,0.29000000000000004,-0.048,-0.047,GREEN,3.212,GREEN,b'0x'
738,02/05/2026 13:25,3.241,0.38,0.43999999999999995,-0.036,-0.036,GREEN,3.212,GREEN,b'0x'
739,02/05/2026 13:30,3.239,0.37,0.41000000000000003,-0.024,-0.02,GREEN,3.202,GREEN,b'0x'
740,02/05/2026 13:35,3.234,0.36,0.39,-0.06,-0.061,GREEN,3.187,GREEN,b'0x'
741,02/05/2026 13:40,3.232,0.34,0.32,-0.024,-0.02,GREEN,3.185,GREEN,b'0x'
742,02/05/2026 13:45,3.228,0.37,0.44999999999999996,-0.048,-0.047,GREEN,3.18,GREEN,b'0x'
743,02/05/2026 13:50,3.224,0.35000000000000003,0.36,-0.048,-0.052,GREEN,3.17,GREEN,b'0x'
744,02/05/2026 13:55,3.221,0.37,0.38,-0.036,-0.033,GREEN,3.155,GREEN,b'0x'
745,02/05/2026 14:00,3.217,0.36,0.31,-0.048,-0.053,GREEN,3.18,GREEN,b'0x'
746,02/05/2026 14:05,3.215,0.38,0.42999999999999994,-0.024,-0.02,GREEN,3.18,GREEN,b'0x'
747,02/05/2026 14:10,3.209,0.39,0.31,-0.072,-0.071,GREEN,3.141,GREEN,b'0x'
748,02/05/2026 14:15,3.207,0.37,0.42000000000000004,-0.024,-0.025,GREEN,3.156,GREEN,b'0x'
749,02/05/2026 14:20,3.202,0.38,0.43999999999999995,-0.06,-0.063,GREEN,3.159,GREEN,b'0x'
750,02/05/2026 14:25,3.199,0.39,0.45999999999999996,-0.036,-0.034,GREEN,3.138,GREEN,b'0x'
751,02/05/2026 14:30,3.194,0.38,0.33,-0.06,-0.056,GREEN,3.141,GREEN,b'0x'
752,02/05/2026 14:35,3.189,0.35000000000000003,0.37,-0.06,-0.061,GREEN,3.137,GREEN,b'0x'
753,02/05/2026 14:40,3.186,0.37,0.42000000000000004,-0.036,-0.037,GREEN,3.122,GREEN,b'0x'
754,02/05/2026 14:45,3.181,0.35000000000000003,0.33,-0.06,-0.061,GREEN,3.12,GREEN,b'0x'
755,02/05/2026 14:50,3.177,0.36,0.39,-0.048,-0.046,GREEN,3.138,GREEN,b'0x'
756,02/05/2026 14:55,3.174,0.38,0.42000000000000004,-0.036,-0.031,GREEN,3.128,GREEN,b'0x'
757,02/05/2026 15:00,3.171,0.39,0.32,-0.036,-0.038,GREEN,3.116,GREEN,b'0x'
758,02/05/2026 15:05,3.165,0.38,0.41000000000000003,-0.072,-0.067,GREEN,3.122,GREEN,b'0x'
759,02/05/2026 15:10,3.161,0.35000000000000003,0.36,-0.048,-0.046,GREEN,3.114,GREEN,b'0x'
760,02/05/2026 15:15,3.156,0.39,0.43999999999999995,-0.06,-0.058,GREEN,3.091,GREEN,b'0x'
761,02/05/2026 15:20,3.153,0.39,0.39,-0.036,-0.037,GREEN,3.082,GREEN,b'0x'
762,02/05/2026 15:25,3.147,0.37,0.41000000000000003,-0.072,-0.072,GREEN,3.073,GREEN,b'0x'
763,02/05/2026 15:30,3.143,0.4,0.45999999999999996,-0.048,-0.046,GREEN,3.089,GREEN,b'0x'
764,02/05/2026 15:35,3.138,0.37,0.4,-0.06,-0.064,GREEN,3.081,GREEN,b'0x'
765,02/05/2026 15:40,3.133,0.36,0.42999999999999994,-0.06,-0.062,GREEN,3.073,GREEN,b'0x'
766,02/05/2026 15:45,3.13,0.38,0.33,-0.036,-0.035,GREEN,3.06,GREEN,b'0x'
767,02/05/2026 15:50,3.124,0.37,0.3,-0.072,-0.069,GREEN,3.057,GREEN,b'0x'
768,02/05/2026 15:55,3.12,0.39,0.34,-0.048,-0.053,GREEN,3.044,GREEN,b'0x'
769,02/05/2026 16:00,3.116,0.36,0.31,-0.048,-0.047,GREEN,3.048,GREEN,b'0x'
770,02/05/2026 16:05,3.112,0.38,0.34,-0.048,-0.048,GREEN,3.068,GREEN,b'0x'
771,02/05/2026 16:10,3.106,0.4,0.36,-0.072,-0.073,GREEN,3.057,GREEN,b'0x'
772,02/05/2026 16:15,3.102,0.38,0.45999999999999996,-0.048,-0.053,GREEN,3.053,GREEN,b'0x'
773,02/05/2026 16:20,3.097,0.38,0.36,-0.06,-0.061,GREEN,3.046,GREEN,b'0x'
774,02/05/2026 16:25,3.093,0.39,0.35000000000000003,-0.048,-0.05,GREEN,3.033,GREEN,b'0x'
775,02/05/2026 16:30,3.087,0.39,0.33,-0.072,-0.076,GREEN,3.041,GREEN,b'0x'
776,02/05/2026 16:35,3.083,0.4,0.44999999999999996,-0.048,-0.044,GREEN,3.041,GREEN,b'0x'
777,02/05/2026 16:40,3.077,0.4,0.42000000000000004,-0.072,-0.072,GREEN,3.0,GREEN,b'0x'
778,02/05/2026 16:45,3.073,0.39,0.41000000000000003,-0.048,-0.049,GREEN,3.004,GREEN,b'0x'
779,02/05/2026 16:50,3.069,0.36,0.35000000000000003,-0.048,-0.051,GREEN,3.002,GREEN,b'0x'
780,02/05/2026 16:55,3.063,0.4,0.42999999999999994,-0.072,-0.073,GREEN,2.99,GREEN,b'0x'
781,02/05/2026 17:00,3.058,0.37,0.31,-0.06,-0.063,GREEN,2.999,GREEN,b'0x'
782,02/05/2026 17:05,3.055,0.39,0.31,-0.036,-0.032,GREEN,2.977,GREEN,b'0x'
783,02/05/2026 17:10,3.049,0.37,0.34,-0.072,-0.068,GREEN,2.997,GREEN,b'0x'
784,02/05/2026 17:15,3.044,0.38,0.36,-0.06,-0.055,GREEN,2.978,GREEN,b'0x'
785,02/05/2026 17:20,3.04,0.38,0.34,-0.048,-0.046,GREEN,2.989,GREEN,b'0x'
786,02/05/2026 17:25,3.034,0.38,0.43999999999999995,-0.072,-0.071,GREEN,2.988,GREEN,b'0x'
787,02/05/2026 17:30,3.03,0.39,0.47,-0.048,-0.053,GREEN,2.962,GREEN,b'0x'
788,02/05/2026 17:35,3.026,0.39,0.39,-0.048,-0.044,GREEN,2.959,GREEN,b'0x'
789,02/05/2026 17:40,3.019,0.38,0.31,-0.084,-0.082,GREEN,2.944,GREEN,b'0x'
790,02/05/2026 17:45,3.015,0.41000000000000003,0.42000000000000004,-0.048,-0.046,GREEN,2.967,GREEN,b'0x'
791,02/05/2026 17:50,3.012,0.41000000000000003,0.42999999999999994,-0.036,-0.032,GREEN,2.946,GREEN,b'0x'
792,02/05/2026 17:55,3.006,0.36,0.36,-0.072,-0.07,GREEN,2.956,GREEN,b'0x'
793,02/05/2026 18:00,3.001,0.38,0.39,-0.06,-0.06,GREEN,2.931,GREEN,b'0x'
794,02/05/2026 18:05,2.996,0.36,0.41000000000000003,-0.06,-0.061,GREEN,2.923,GREEN,b'0x'
795,02/05/2026 18:10,2.992,0.39,0.32,-0.048,-0.052,GREEN,2.95,GREEN,b'0x'
796,02/05/2026 18:15,2.987,0.36,0.3,-0.06,-0.063,GREEN,2.95,GREEN,b'0x'
797,02/05/2026 18:20,2.982,0.38,0.31,-0.06,-0.059,GREEN,2.942,GREEN,b'0x'
798,02/05/2026 18:25,2.977,0.4,0.36,-0.06,-0.055,GREEN,2.905,GREEN,b'0x'
799,02/05/2026 18:30,2.973,0.38,0.39,-0.048,-0.051,GREEN,2.902,GREEN,b'0x'
800,02/05/2026 18:35,2.968,0.37,0.36,-0.06,-0.063,GREEN,2.919,GREEN,b'0x'
801,02/05/2026 18:40,2.961,0.39,0.35000000000000003,-0.084,-0.086,GREEN,2.914,GREEN,b'0x'
802,02/05/2026 18:45,2.957,0.4,0.34,-0.048,-0.05,GREEN,2.886,GREEN,b'0x'
803,02/05/2026 18:50,2.953,0.39,0.4,-0.048,-0.051,GREEN,2.891,GREEN,b'0x'
804,02/05/2026 18:55,2.948,0.37,0.32,-0.06,-0.059,GREEN,2.897,GREEN,b'0x'
805,02/05/2026 19:00,2.942,0.37,0.42999999999999994,-0.072,-0.073,GREEN,2.9,GREEN,b'0x'
806,02/05/2026 19:05,2.939,0.39,0.33,-0.036,-0.038,GREEN,2.897,GREEN,b'0x'
807,02/05/2026 19:10,2.934,0.4,0.4,-0.06,-0.061,GREEN,2.87,GREEN,b'0x'
808,02/05/2026 19:15,2.93,0.36,0.34,-0.048,-0.052,GREEN,2.854,GREEN,b'0x'
809,02/05/2026 19:20,2.923,0.38,0.35000000000000003,-0.084,-0.08,GREEN,2.867,GREEN,b'0x'
810,02/05/2026 19:25,2.919,0.4,0.38,-0.048,-0.048,GREEN,2.862,GREEN,b'0x'
811,02/05/2026 19:30,2.915,0.37,0.42000000000000004,-0.048,-0.051,GREEN,2.856,GREEN,b'0x'
812,02/05/2026 19:35,2.91,0.39,0.34,-0.06,-0.061,GREEN,2.838,GREEN,b'0x'
813,02/05/2026 19:40,2.906,0.36,0.29000000000000004,-0.048,-0.047,GREEN,2.844,GREEN,b'0x'
814,02/05/2026 19:45,2.9,0.37,0.31,-0.072,-0.075,GREEN,2.838,GREEN,b'0x'
815,02/05/2026 19:50,2.897,0.38,0.31,-0.036,-0.035,GREEN,2.841,GREEN,b'0x'
816,02/05/2026 19:55,2.892,0.4,0.44999999999999996,-0.06,-0.062,GREEN,2.857,GREEN,b'0x'
817,02/05/2026 20:00,2.886,0.37,0.4,-0.072,-0.07,GREEN,2.827,GREEN,b'0x'
818,02/05/2026 20:05,2.883,0.4,0.45999999999999996,-0.036,-0.032,GREEN,2.848,GREEN,b'0x'
819,02/05/2026 20:10,2.878,0.38,0.32,-0.06,-0.058,GREEN,2.841,GREEN,b'0x'
820,02/05/2026 20:15,2.874,0.37,0.4,-0.048,-0.046,GREEN,2.815,GREEN,b'0x'
821,02/05/2026 20:20,2.87,0.39,0.34,-0.048,-0.047,GREEN,2.804,GREEN,b'0x'
822,02/05/2026 20:25,2.866,0.37,0.43999999999999995,-0.048,-0.045,GREEN,2.816,GREEN,b'0x'
823,02/05/2026 20:30,2.86,0.4,0.42999999999999994,-0.072,-0.067,GREEN,2.795,GREEN,b'0x'
824,02/05/2026 20:35,2.857,0.38,0.36,-0.036,-0.034,GREEN,2.789,GREEN,b'0x'
825,02/05/2026 20:40,2.851,0.39,0.41000000000000003,-0.072,-0.071,GREEN,2.802,GREEN,b'0x'
826,02/05/2026 20:45,2.849,0.37,0.4,-0.024,-0.027,GREEN,2.792,GREEN,b'0x'
827,02/05/2026 20:50,2.844,0.39,0.42000000000000004,-0.06,-0.061,GREEN,2.784,GREEN,b'0x'
828,02/05/2026 20:55,2.839,0.37,0.35000000000000003,-0.06,-0.061,GREEN,2.795,GREEN,b'0x'
829,02/05/2026 21:00,2.835,0.39,0.43999999999999995,-0.048,-0.048,GREEN,2.786,GREEN,b'0x'
830,02/05/2026 21:05,2.831,0.35000000000000003,0.38,-0.048,-0.046,GREEN,2.793,GREEN,b'0x'
831,02/05/2026 21:10,2.827,0.39,0.41000000000000003,-0.048,-0.045,GREEN,2.778,GREEN,b'0x'
832,02/05/2026 21:15,2.823,0.36,0.3,-0.048,-0.047,GREEN,2.767,GREEN,b'0x'
833,02/05/2026 21:20,2.82,0.4,0.33,-0.036,-0.04,GREEN,2.786,GREEN,b'0x'
834,02/05/2026 21:25,2.817,0.37,0.34,-0.036,-0.037,GREEN,2.763,GREEN,b'0x'
835,02/05/2026 21:30,2.812,0.4,0.37,-0.06,-0.06,GREEN,2.786,GREEN,b'0x'
836,02/05/2026 21:35,2.808,0.39,0.42000000000000004,-0.048,-0.048,GREEN,2.764,GREEN,b'0x'
837,02/05/2026 21:40,2.804,0.36,0.38,-0.048,-0.049,GREEN,2.775,GREEN,b'0x'
838,02/05/2026 21:45,2.8,0.39,0.37,-0.048,-0.052,GREEN,2.773,GREEN,b'0x'
839,02/05/2026 21:50,2.798,0.38,0.3,-0.024,-0.028,GREEN,2.756,GREEN,b'0x'
840,02/05/2026 21:55,2.793,0.38,0.38,-0.06,-0.063,GREEN,2.742,GREEN,b'0x'
841,02/05/2026 22:00,2.788,0.36,0.4,-0.06,-0.064,GREEN,2.733,GREEN,b'0x'
842,02/05/2026 22:05,2.786,0.37,0.4,-0.024,-0.022,GREEN,2.76,GREEN,b'0x'
843,02/05/2026 22:10,2.784,0.35000000000000003,0.39,-0.024,-0.02,GREEN,2.741,GREEN,b'0x'
844,02/05/2026 22:15,2.781,0.37,0.36,-0.036,-0.034,GREEN,2.738,GREEN,b'0x'
845,02/05/2026 22:20,2.776,0.36,0.31,-0.06,-0.058,GREEN,2.723,GREEN,b'0x'
846,02/05/2026 22:25,2.773,0.37,0.42000000000000004,-0.036,-0.037,GREEN,2.737,GREEN,b'0x'
847,02/05/2026 22:30,2.771,0.36,0.32,-0.024,-0.019,GREEN,2.728,GREEN,b'0x'
848,02/05/2026 22:35,2.767,0.36,0.38,-0.048,-0.048,GREEN,2.732,GREEN,b'0x'
849,02/05/2026 22:40,2.765,0.35000000000000003,0.28,-0.024,-0.025,GREEN,2.72,GREEN,b'0x'
850,02/05/2026 22:45,2.762,0.38,0.43999999999999995,-0.036,-0.037,GREEN,2.718,GREEN,b'0x'
851,02/05/2026 22:50,2.759,0.38,0.4,-0.036,-0.04,GREEN,2.723,GREEN,b'0x'
852,02/05/2026 22:55,2.756,0.36,0.37,-0.036,-0.034,GREEN,2.718,GREEN,b'0x'
853,02/05/2026 23:00,2.752,0.38,0.42000000000000004,-0.048,-0.048,GREEN,2.717,GREEN,b'0x'
854,02/05/2026 23:05,2.749,0.38,0.31,-0.036,-0.032,GREEN,2.74,GREEN,b'0x'
855,02/05/2026 23:10,2.748,0.36,0.33,-0.012,-0.01,GREEN,2.726,GREEN,b'0x'
856,02/05/2026 23:15,2.745,0.36,0.29000000000000004,-0.036,-0.033,GREEN,2.717,GREEN,b'0x'
857,02/05/2026 23:20,2.742,0.34,0.28,-0.036,-0.039,GREEN,2.714,GREEN,b'0x'
858,02/05/2026 23:25,2.74,0.37,0.42999999999999994,-0.024,-0.024,GREEN,2.709,GREEN,b'0x'
859,02/05/2026 23:30,2.738,0.34,0.35000000000000003,-0.024,-0.026,GREEN,2.722,GREEN,b'0x'
860,02/05/2026 23:35,2.735,0.33,0.27,-0.036,-0.04,GREEN,2.727,GREEN,b'0x'
861,02/05/2026 23:40,2.733,0.33,0.31,-0.024,-0.026,GREEN,2.72,GREEN,b'0x'
862,02/05/2026 23:45,2.73,0.35000000000000003,0.41000000000000003,-0.036,-0.033,GREEN,2.706,GREEN,b'0x'
863,02/05/2026 23:50,2.728,0.35000000000000003,0.3,-0.024,-0.02,GREEN,2.699,GREEN,b'0x'
864,02/05/2026 23:55,2.726,0.34,0.41000000000000003,-0.024,-0.02,GREEN,2.724,GREEN,b'0x'
865,03/05/2026 00:00,2.722,0.33,0.36,-0.048,-0.048,GREEN,2.716,GREEN,b'0x'
866,03/05/2026 00:05,2.721,0.35000000000000003,0.42999999999999994,-0.012,-0.013,GREEN,2.689,GREEN,b'0x'
867,03/05/2026 00:10,2.72,0.38,0.33,-0.012,-0.011,GREEN,2.708,GREEN,b'0x'
868,03/05/2026 00:15,2.72,0.35000000000000003,0.4,0.0,0.001,GREEN,2.687,GREEN,b'0x'
869,03/05/2026 00:20,2.717,0.36,0.32,-0.036,-0.037,GREEN,2.707,GREEN,b'0x'
870,03/05/2026 00:25,2.716,0.37,0.42000000000000004,-0.012,-0.008,GREEN,2.713,GREEN,b'0x'
871,03/05/2026 00:30,2.714,0.34,0.34,-0.024,-0.022,GREEN,2.709,GREEN,b'0x'
872,03/05/2026 00:35,2.713,0.34,0.3,-0.012,-0.014,GREEN,2.689,GREEN,b'0x'
873,03/05/2026 00:40,2.712,0.36,0.34,-0.012,-0.009,GREEN,2.709,GREEN,b'0x'
874,03/05/2026 00:45,2.71,0.33,0.36,-0.024,-0.024,GREEN,2.678,GREEN,b'0x'
875,03/05/2026 00:50,2.709,0.34,0.3,-0.012,-0.015,GREEN,2.683,GREEN,b'0x'
876,03/05/2026 00:55,2.707,0.33,0.37,-0.024,-0.022,GREEN,2.692,GREEN,b'0x'
877,03/05/2026 01:00,2.705,0.34,0.26,-0.024,-0.021,GREEN,2.709,GREEN,b'0x'
878,03/05/2026 01:05,2.704,0.37,0.31,-0.012,-0.008,GREEN,2.697,GREEN,b'0x'
879,03/05/2026 01:10,2.704,0.33,0.35000000000000003,0.0,-0.003,GREEN,2.707,GREEN,b'0x'
880,03/05/2026 01:15,2.703,0.33,0.36,-0.012,-0.011,GREEN,2.71,GREEN,b'0x'
881,03/05/2026 01:20,2.702,0.35000000000000003,0.32,-0.012,-0.013,GREEN,2.708,GREEN,b'0x'
882,03/05/2026 01:25,2.701,0.35000000000000003,0.41000000000000003,-0.012,-0.013,GREEN,2.699,GREEN,b'0x'
883,03/05/2026 01:30,2.7,0.32,0.32,-0.012,-0.011,GREEN,2.705,GREEN,b'0x'
884,03/05/2026 01:35,2.699,0.33,0.3,-0.012,-0.011,GREEN,2.683,GREEN,b'0x'
885,03/05/2026 01:40,2.698,0.34,0.29000000000000004,-0.012,-0.007,GREEN,2.695,GREEN,b'0x'
886,03/05/2026 01:45,2.697,0.33,0.36,-0.012,-0.01,GREEN,2.674,GREEN,b'0x'
887,03/05/2026 01:50,2.695,0.32,0.29000000000000004,-0.024,-0.025,GREEN,2.681,GREEN,b'0x'
888,03/05/2026 01:55,2.694,0.33,0.28,-0.012,-0.007,GREEN,2.675,GREEN,b'0x'
889,03/05/2026 02:00,2.694,0.35000000000000003,0.34,0.0,-0.002,GREEN,2.698,GREEN,b'0x'
890,03/05/2026 02:05,2.694,0.31,0.39,0.0,-0.003,GREEN,2.681,GREEN,b'0x'
891,03/05/2026 02:10,2.694,0.33,0.4,0.0,0.002,GREEN,2.69,GREEN,b'0x'
892,03/05/2026 02:15,2.694,0.32,0.24,0.0,0.001,GREEN,2.704,GREEN,b'0x'
893,03/05/2026 02:20,2.694,0.31,0.34,0.0,-0.005,GREEN,2.696,GREEN,b'0x'
894,03/05/2026 02:25,2.693,0.33,0.38,-0.012,-0.014,GREEN,2.684,GREEN,b'0x'
895,03/05/2026 02:30,2.692,0.35000000000000003,0.37,-0.012,-0.013,GREEN,2.678,GREEN,b'0x'
896,03/05/2026 02:35,2.692,0.36,0.29000000000000004,0.0,0.002,GREEN,2.693,GREEN,b'0x'
897,03/05/2026 02:40,2.691,0.35000000000000003,0.29000000000000004,-0.012,-0.01,GREEN,2.71,GREEN,b'0x'
898,03/05/2026 02:45,2.692,0.34,0.41000000000000003,0.012,0.013,GREEN,2.719,GREEN,b'0x'
899,03/05/2026 02:50,2.692,0.35000000000000003,0.29000000000000004,0.0,-0.005,GREEN,2.696,GREEN,b'0x'
900,03/05/2026 02:55,2.691,0.31,0.37,-0.012,-0.013,GREEN,2.684,GREEN,b'0x'
901,03/05/2026 03:00,2.692,0.34,0.32,0.012,0.011,GREEN,2.703,GREEN,b'0x'
902,03/05/2026 03:05,2.693,0.33,0.35000000000000003,0.012,0.011,GREEN,2.724,GREEN,b'0x'
903,03/05/2026 03:10,2.694,0.35000000000000003,0.27,0.012,0.009,GREEN,2.706,GREEN,b'0x'
904,03/05/2026 03:15,2.694,0.33,0.33,0.0,0.004,GREEN,2.704,GREEN,b'0x'
905,03/05/2026 03:20,2.696,0.34,0.28,0.024,0.022,GREEN,2.701,GREEN,b'0x'
906,03/05/2026 03:25,2.698,0.33,0.34,0.024,0.028,GREEN,2.713,GREEN,b'0x'
907,03/05/2026 03:30,2.697,0.35000000000000003,0.29000000000000004,-0.012,-0.008,GREEN,2.705,GREEN,b'0x'
908,03/05/2026 03:35,2.7,0.32,0.29000000000000004,0.036,0.034,GREEN,2.709,GREEN,b'0x'
909,03/05/2026 03:40,2.7,0.33,0.27,0.0,-0.002,GREEN,2.731,GREEN,b'0x'
910,03/05/2026 03:45,2.701,0.32,0.29000000000000004,0.012,0.011,GREEN,2.723,GREEN,b'0x'
911,03/05/2026 03:50,2.703,0.36,0.29000000000000004,0.024,0.022,GREEN,2.741,GREEN,b'0x'
912,03/05/2026 03:55,2.703,0.31,0.26,0.0,0.004,GREEN,2.718,GREEN,b'0x'
913,03/05/2026 04:00,2.705,0.36,0.39,0.024,0.027,GREEN,2.72,GREEN,b'0x'
914,03/05/2026 04:05,2.708,0.35000000000000003,0.32,0.036,0.031,GREEN,2.756,GREEN,b'0x'
915,03/05/2026 04:10,2.711,0.33,0.37,0.036,0.035,GREEN,2.738,GREEN,b'0x'
916,03/05/2026 04:15,2.712,0.32,0.27,0.012,0.017,GREEN,2.743,GREEN,b'0x'
917,03/05/2026 04:20,2.716,0.35000000000000003,0.38,0.048,0.049,GREEN,2.754,GREEN,b'0x'
918,03/05/2026 04:25,2.719,0.35000000000000003,0.27,0.036,0.034,GREEN,2.738,GREEN,b'0x'
919,03/05/2026 04:30,2.721,0.34,0.34,0.024,0.027,GREEN,2.754,GREEN,b'0x'
920,03/05/2026 04:35,2.725,0.33,0.32,0.048,0.051,GREEN,2.782,GREEN,b'0x'
921,03/05/2026 04:40,2.726,0.37,0.43999999999999995,0.012,0.013,GREEN,2.786,GREEN,b'0x'
922,03/05/2026 04:45,2.729,0.36,0.31,0.036,0.033,GREEN,2.766,GREEN,b'0x'
923,03/05/2026 04:50,2.733,0.36,0.37,0.048,0.053,GREEN,2.782,GREEN,b'0x'
924,03/05/2026 04:55,2.735,0.33,0.29000000000000004,0.024,0.02,GREEN,2.761,GREEN,b'0x'
925,03/05/2026 05:00,2.737,0.36,0.31,0.024,0.021,GREEN,2.789,GREEN,b'0x'
926,03/05/2026 05:05,2.742,0.36,0.4,0.06,0.063,GREEN,2.793,GREEN,b'0x'
927,03/05/2026 05:10,2.745,0.37,0.43999999999999995,0.036,0.032,GREEN,2.803,GREEN,b'0x'
928,03/05/2026 05:15,2.75,0.34,0.35000000000000003,0.06,0.057,GREEN,2.807,GREEN,b'0x'
929,03/05/2026 05:20,2.754,0.37,0.32,0.048,0.047,GREEN,2.807,GREEN,b'0x'
930,03/05/2026 05:25,2.756,0.36,0.43999999999999995,0.024,0.024,GREEN,2.814,GREEN,b'0x'
931,03/05/2026 05:30,2.761,0.36,0.32,0.06,0.058,GREEN,2.795,GREEN,b'0x'
932,03/05/2026 05:35,2.764,0.37,0.39,0.036,0.039,GREEN,2.835,GREEN,b'0x'
933,03/05/2026 05:40,2.769,0.35000000000000003,0.32,0.06,0.059,GREEN,2.829,GREEN,b'0x'
934,03/05/2026 05:45,2.773,0.36,0.37,0.048,0.052,GREEN,2.807,GREEN,b'0x'
935,03/05/2026 05:50,2.777,0.34,0.33,0.048,0.047,GREEN,2.831,GREEN,b'0x'
936,03/05/2026 05:55,2.78,0.35000000000000003,0.32,0.036,0.031,GREEN,2.829,GREEN,b'0x'
937,03/05/2026 06:00,2.783,0.35000000000000003,0.31,0.036,0.038,GREEN,2.841,GREEN,b'0x'
938,03/05/2026 06:05,2.789,0.39,0.36,0.072,0.076,GREEN,2.841,GREEN,b'0x'
939,03/05/2026 06:10,2.793,0.35000000000000003,0.32,0.048,0.044,GREEN,2.859,GREEN,b'0x'
940,03/05/2026 06:15,2.799,0.36,0.41000000000000003,0.072,0.073,GREEN,2.855,GREEN,b'0x'
941,03/05/2026 06:20,2.803,0.37,0.43999999999999995,0.048,0.044,GREEN,2.873,GREEN,b'0x'
942,03/05/2026 06:25,2.808,0.38,0.32,0.06,0.064,GREEN,2.878,GREEN,b'0x'
943,03/05/2026 06:30,2.812,0.37,0.36,0.048,0.05,GREEN,2.885,GREEN,b'0x'
944,03/05/2026 06:35,2.817,0.37,0.42000000000000004,0.06,0.061,GREEN,2.879,GREEN,b'0x'
945,03/05/2026 06:40,2.823,0.36,0.29000000000000004,0.072,0.075,GREEN,2.868,GREEN,b'0x'
946,03/05/2026 06:45,2.827,0.37,0.37,0.048,0.045,GREEN,2.887,GREEN,b'0x'
947,03/05/2026 06:50,2.831,0.36,0.36,0.048,0.046,GREEN,2.903,GREEN,b'0x'
948,03/05/2026 06:55,2.836,0.4,0.36,0.06,0.057,GREEN,2.9,GREEN,b'0x'
949,03/05/2026 07:00,2.842,0.38,0.4,0.072,0.071,GREEN,2.913,GREEN,b'0x'
950,03/05/2026 07:05,2.848,0.41000000000000003,0.39,0.072,0.074,GREEN,2.927,GREEN,b'0x'
951,03/05/2026 07:10,2.853,0.37,0.35000000000000003,0.06,0.056,GREEN,2.933,GREEN,b'0x'
952,03/05/2026 07:15,2.858,0.37,0.3,0.06,0.064,GREEN,2.919,GREEN,b'0x'
953,03/05/2026 07:20,2.864,0.37,0.38,0.072,0.075,GREEN,2.911,GREEN,b'0x'
954,03/05/2026 07:25,2.868,0.36,0.28,0.048,0.051,GREEN,2.923,GREEN,b'0x'
955,03/05/2026 07:30,2.874,0.37,0.39,0.072,0.072,GREEN,2.934,GREEN,b'0x'
956,03/05/2026 07:35,2.88,0.41000000000000003,0.41000000000000003,0.072,0.073,GREEN,2.936,GREEN,b'0x'
957,03/05/2026 07:40,2.884,0.41000000000000003,0.45999999999999996,0.048,0.043,GREEN,2.964,GREEN,b'0x'
958,03/05/2026 07:45,2.89,0.37,0.43999999999999995,0.072,0.069,GREEN,2.965,GREEN,b'0x'
959,03/05/2026 07:50,2.896,0.39,0.35000000000000003,0.072,0.07,GREEN,2.957,GREEN,b'0x'
960,03/05/2026 07:55,2.901,0.38,0.43999999999999995,0.06,0.065,GREEN,2.986,GREEN,b'0x'
961,03/05/2026 08:00,2.906,0.37,0.34,0.06,0.061,GREEN,2.971,GREEN,b'0x'
962,03/05/2026 08:05,2.911,0.39,0.42000000000000004,0.06,0.062,GREEN,2.981,GREEN,b'0x'
963,03/05/2026 08:10,2.917,0.38,0.42000000000000004,0.072,0.072,GREEN,3.002,GREEN,b'0x'
964,03/05/2026 08:15,2.922,0.39,0.42999999999999994,0.06,0.063,GREEN,3.004,GREEN,b'0x'
965,03/05/2026 08:20,2.929,0.38,0.41000000000000003,0.084,0.081,GREEN,3.011,GREEN,b'0x'
966,03/05/2026 08:25,2.934,0.4,0.33,0.06,0.06,GREEN,3.013,GREEN,b'0x'
967,03/05/2026 08:30,2.94,0.39,0.42000000000000004,0.072,0.072,GREEN,3.024,GREEN,b'0x'
968,03/05/2026 08:35,2.945,0.4,0.33,0.06,0.065,GREEN,3.015,GREEN,b'0x'
969,03/05/2026 08:40,2.951,0.39,0.32,0.072,0.068,GREEN,3.012,GREEN,b'0x'
970,03/05/2026 08:45,2.956,0.41000000000000003,0.45999999999999996,0.06,0.06,GREEN,3.022,GREEN,b'0x'
971,03/05/2026 08:50,2.963,0.37,0.34,0.084,0.081,GREEN,3.043,GREEN,b'0x'
972,03/05/2026 08:55,2.967,0.37,0.42999999999999994,0.048,0.049,GREEN,3.024,GREEN,b'0x'
973,03/05/2026 09:00,2.972,0.38,0.34,0.06,0.061,GREEN,3.036,GREEN,b'0x'
974,03/05/2026 09:05,2.979,0.4,0.32,0.084,0.081,GREEN,3.065,GREEN,b'0x'
975,03/05/2026 09:10,2.985,0.38,0.37,0.072,0.072,GREEN,3.052,GREEN,b'0x'
976,03/05/2026 09:15,2.99,0.38,0.32,0.06,0.06,GREEN,3.048,GREEN,b'0x'
977,03/05/2026 09:20,2.995,0.39,0.45999999999999996,0.06,0.056,GREEN,3.059,GREEN,b'0x'
978,03/05/2026 09:25,3.002,0.39,0.44999999999999996,0.084,0.081,GREEN,3.061,GREEN,b'0x'
979,03/05/2026 09:30,3.007,0.39,0.37,0.06,0.064,GREEN,3.064,GREEN,b'0x'
980,03/05/2026 09:35,3.013,0.42000000000000004,0.49,0.072,0.074,GREEN,3.094,GREEN,b'0x'
981,03/05/2026 09:40,3.019,0.38,0.33,0.072,0.07,GREEN,3.087,GREEN,b'0x'
982,03/05/2026 09:45,3.024,0.38,0.42999999999999994,0.06,0.059,GREEN,3.085,GREEN,b'0x'
983,03/05/2026 09:50,3.03,0.38,0.41000000000000003,0.072,0.069,GREEN,3.111,GREEN,b'0x'
984,03/05/2026 09:55,3.034,0.4,0.35000000000000003,0.048,0.052,GREEN,3.105,GREEN,b'0x'
985,03/05/2026 10:00,3.04,0.39,0.37,0.072,0.069,GREEN,3.118,GREEN,b'0x'
986,03/05/2026 10:05,3.046,0.41000000000000003,0.45999999999999996,0.072,0.071,GREEN,3.126,GREEN,b'0x'
987,03/05/2026 10:10,3.052,0.37,0.33,0.072,0.07,GREEN,3.132,GREEN,b'0x'
988,03/05/2026 10:15,3.056,0.37,0.37,0.048,0.043,GREEN,3.099,GREEN,b'0x'
989,03/05/2026 10:20,3.062,0.41000000000000003,0.4,0.072,0.077,GREEN,3.135,GREEN,b'0x'
990,03/05/2026 10:25,3.068,0.39,0.47,0.072,0.07,GREEN,3.128,GREEN,b'0x'
991,03/05/2026 10:30,3.072,0.38,0.42000000000000004,0.048,0.046,GREEN,3.145,GREEN,b'0x'
992,03/05/2026 10:35,3.077,0.38,0.3,0.06,0.061,GREEN,3.119,GREEN,b'0x'
993,03/05/2026 10:40,3.083,0.4,0.42000000000000004,0.072,0.073,GREEN,3.132,GREEN,b'0x'
994,03/05/2026 10:45,3.088,0.39,0.45999999999999996,0.06,0.06,GREEN,3.149,GREEN,b'0x'
995,03/05/2026 10:50,3.093,0.38,0.34,0.06,0.056,GREEN,3.165,GREEN,b'0x'
996,03/05/2026 10:55,3.098,0.41000000000000003,0.47,0.06,0.056,GREEN,3.155,GREEN,b'0x'
997,03/05/2026 11:00,3.103,0.4,0.36,0.06,0.056,GREEN,3.15,GREEN,b'0x'
998,03/05/2026 11:05,3.11,0.41000000000000003,0.38,0.084,0.085,GREEN,3.167,GREEN,b'0x'
999,03/05/2026 11:10,3.114,0.38,0.34,0.048,0.052,GREEN,3.157,GREEN,b'0x'
1000,03/05/2026 11:15,3.118,0.4,0.42000000000000004,0.048,0.049,GREEN,3.165,GREEN,b'0x'
1001,03/05/2026 11:20,3.124,0.37,0.38,0.072,0.072,GREEN,3.184,GREEN,b'0x'
1002,03/05/2026 11:25,3.129,0.37,0.39,0.06,0.061,GREEN,3.195,GREEN,b'0x'
1003,03/05/2026 11:30,3.133,0.36,0.32,0.048,0.051,GREEN,3.183,GREEN,b'0x'
1004,03/05/2026 11:35,3.138,0.36,0.39,0.06,0.064,GREEN,3.199,GREEN,b'0x'
1005,03/05/2026 11:40,3.141,0.37,0.32,0.036,0.036,GREEN,3.199,GREEN,b'0x'
1006,03/05/2026 11:45,3.146,0.4,0.32,0.06,0.056,GREEN,3.201,GREEN,b'0x'
1007,03/05/2026 11:50,3.152,0.38,0.42999999999999994,0.072,0.074,GREEN,3.199,GREEN,b'0x'
1008,03/05/2026 11:55,3.155,0.37,0.36,0.036,0.039,GREEN,3.217,GREEN,b'0x'
1009,03/05/2026 12:00,3.161,0.36,0.3,0.072,0.071,GREEN,3.224,GREEN,b'0x'
1010,03/05/2026 12:05,3.165,0.38,0.38,0.048,0.049,GREEN,3.225,GREEN,b'0x'
1011,03/05/2026 12:10,3.169,0.4,0.33,0.048,0.049,GREEN,3.194,GREEN,b'0x'
1012,03/05/2026 12:15,3.173,0.38,0.36,0.048,0.049,GREEN,3.228,GREEN,b'0x'
1013,03/05/2026 12:20,3.177,0.38,0.4,0.048,0.046,GREEN,3.224,GREEN,b'0x'
1014,03/05/2026 12:25,3.18,0.39,0.35000000000000003,0.036,0.037,GREEN,3.237,GREEN,b'0x'
1015,03/05/2026 12:30,3.184,0.37,0.31,0.048,0.051,GREEN,3.214,GREEN,b'0x'
1016,03/05/2026 12:35,3.186,0.39,0.43999999999999995,0.024,0.02,GREEN,3.206,GREEN,b'0x'
1017,03/05/2026 12:40,3.191,0.37,0.4,0.06,0.057,GREEN,3.217,GREEN,b'0x'
1018,03/05/2026 12:45,3.194,0.36,0.31,0.036,0.033,GREEN,3.242,GREEN,b'0x'
1019,03/05/2026 12:50,3.199,0.39,0.34,0.06,0.06,GREEN,3.241,GREEN,b'0x'
1020,03/05/2026 12:55,3.203,0.37,0.38,0.048,0.046,GREEN,3.238,GREEN,b'0x'
1021,03/05/2026 13:00,3.207,0.39,0.33,0.048,0.047,GREEN,3.246,GREEN,b'0x'
1022,03/05/2026 13:05,3.208,0.39,0.39,0.012,0.014,GREEN,3.219,GREEN,b'0x'
1023,03/05/2026 13:10,3.212,0.36,0.34,0.048,0.048,GREEN,3.235,GREEN,b'0x'
1024,03/05/2026 13:15,3.213,0.36,0.37,0.012,0.013,GREEN,3.25,GREEN,b'0x'
1025,03/05/2026 13:20,3.217,0.37,0.34,0.048,0.05,GREEN,3.26,GREEN,b'0x'
1026,03/05/2026 13:25,3.219,0.38,0.32,0.024,0.025,GREEN,3.257,GREEN,b'0x'
1027,03/05/2026 13:30,3.222,0.38,0.36,0.036,0.041,GREEN,3.243,GREEN,b'0x'
1028,03/05/2026 13:35,3.224,0.36,0.43999999999999995,0.024,0.024,GREEN,3.232,GREEN,b'0x'
1029,03/05/2026 13:40,3.227,0.36,0.31,0.036,0.039,GREEN,3.238,GREEN,b'0x'
1030,03/05/2026 13:45,3.229,0.38,0.4,0.024,0.023,GREEN,3.235,GREEN,b'0x'
1031,03/05/2026 13:50,3.232,0.38,0.42000000000000004,0.036,0.037,GREEN,3.241,GREEN,b'0x'
1032,03/05/2026 13:55,3.234,0.35000000000000003,0.33,0.024,0.026,GREEN,3.239,GREEN,b'0x'
1033,03/05/2026 14:00,3.236,0.36,0.35000000000000003,0.024,0.026,GREEN,3.25,GREEN,b'0x'
1034,03/05/2026 14:05,3.238,0.34,0.37,0.024,0.022,GREEN,3.224,GREEN,b'0x'
1035,03/05/2026 14:10,3.239,0.36,0.35000000000000003,0.012,0.015,GREEN,3.236,GREEN,b'0x'
1036,03/05/2026 14:15,3.241,0.36,0.31,0.024,0.026,GREEN,3.199,GREEN,b'0x'
1037,03/05/2026 14:20,3.242,0.34,0.34,0.012,0.009,GREEN,3.2,GREEN,b'0x'
1038,03/05/2026 14:25,3.243,0.35000000000000003,0.36,0.012,0.016,GREEN,3.169,GREEN,b'0x'
1039,03/05/2026 14:30,3.243,0.33,0.36,0.0,0.001,GREEN,3.175,GREEN,b'0x'
1040,03/05/2026 14:35,3.244,0.35000000000000003,0.35000000000000003,0.012,0.014,GREEN,3.141,GREEN,b'0x'
1041,03/05/2026 14:40,3.246,0.33,0.29000000000000004,0.024,0.021,GREEN,3.107,GREEN,b'0x'
1042,03/05/2026 14:45,3.247,0.34,0.27,0.012,0.014,GREEN,3.103,GREEN,b'0x'
1043,03/05/2026 14:50,3.247,0.36,0.34,0.0,0.003,GREEN,3.077,GREEN,b'0x'
1044,03/05/2026 14:55,3.249,0.36,0.39,0.024,0.029,GREEN,3.064,GREEN,b'0x'
1045,03/05/2026 15:00,3.249,0.32,0.27,0.0,-0.004,GREEN,3.066,GREEN,b'0x'
1046,03/05/2026 15:05,3.234,0.32,0.36,-0.18,-0.177,GREEN,3.007,GREEN,b'0x'
1047,03/05/2026 15:10,3.22,0.34,0.42000000000000004,-0.168,-0.171,GREEN,3.006,GREEN,b'0x'
1048,03/05/2026 15:15,3.203,0.35000000000000003,0.33,-0.204,-0.205,GREEN,2.956,GREEN,b'0x'
1049,03/05/2026 15:20,3.188,0.36,0.29000000000000004,-0.18,-0.176,GREEN,2.928,GREEN,b'0x'
1050,03/05/2026 15:25,3.172,0.39,0.4,-0.192,-0.192,GREEN,2.865,GREEN,b'0x'
1051,03/05/2026 15:30,3.157,0.41000000000000003,0.34,-0.18,-0.181,GREEN,2.853,GREEN,b'0x'
1052,03/05/2026 15:35,3.141,0.44999999999999996,0.37,-0.192,-0.191,GREEN,2.787,GREEN,b'0x'
1053,03/05/2026 15:40,3.126,0.47,0.4,-0.18,-0.18,GREEN,2.749,GREEN,b'0x'
1054,03/05/2026 15:45,3.11,0.44999999999999996,0.42000000000000004,-0.192,-0.189,GREEN,2.73,GREEN,b'0x'
1055,03/05/2026 15:50,3.094,0.48,0.42000000000000004,-0.192,-0.191,GREEN,2.692,GREEN,b'0x'
1056,03/05/2026 15:55,3.079,0.47,0.52,-0.18,-0.176,GREEN,2.664,GREEN,b'0x'
1057,03/05/2026 16:00,3.063,0.5,0.54,-0.192,-0.195,GREEN,2.609,GREEN,b'0x'
1058,03/05/2026 16:05,3.024,0.53,0.54,-0.468,-0.463,GREEN,2.57,GREEN,b'0x'
1059,03/05/2026 16:10,2.988,0.56,0.52,-0.432,-0.429,GREEN,2.532,GREEN,b'0x'
1060,03/05/2026 16:15,2.951,0.5800000000000001,0.53,-0.444,-0.446,GREEN,2.508,GREEN,b'0x'
1061,03/05/2026 16:20,2.911,0.5800000000000001,0.52,-0.48,-0.482,GREEN,2.483,GREEN,b'0x'
1062,03/05/2026 16:25,2.874,0.6,0.65,-0.444,-0.448,GREEN,2.47,GREEN,b'0x'
1063,03/05/2026 16:30,2.837,0.63,0.66,-0.444,-0.443,GREEN,2.43,GREEN,b'0x'
1064,03/05/2026 16:35,2.798,0.6900000000000001,0.76,-0.468,-0.466,GREEN,2.412,GREEN,b'0x'
1065,03/05/2026 16:40,2.761,0.67,0.72,-0.444,-0.448,GREEN,2.362,GREEN,b'0x'
1066,03/05/2026 16:45,2.724,0.71,0.7000000000000001,-0.444,-0.44,GREEN,2.346,GREEN,b'0x'
1067,03/05/2026 16:50,2.685,0.72,0.76,-0.468,-0.469,GREEN,2.3,GREEN,b'0x'
1068,03/05/2026 16:55,2.647,0.76,0.71,-0.456,-0.457,GREEN,2.282,GREEN,b'0x'
1069,03/05/2026 17:00,2.611,0.78,0.8300000000000001,-0.432,-0.43,GREEN,2.231,GREEN,b'0x'
1070,03/05/2026 17:05,2.579,0.77,0.77,-0.384,-0.387,GREEN,2.247,GREEN,b'0x'
1071,03/05/2026 17:10,2.55,0.77,0.77,-0.348,-0.35,GREEN,2.234,GREEN,b'0x'
1072,03/05/2026 17:15,2.518,0.77,0.75,-0.384,-0.385,GREEN,2.234,GREEN,b'0x'
1073,03/05/2026 17:20,2.488,0.75,0.8,-0.36,-0.358,GREEN,2.246,GREEN,b'0x'
1074,03/05/2026 17:25,2.457,0.73,0.7000000000000001,-0.372,-0.371,GREEN,2.228,GREEN,b'0x'
1075,03/05/2026 17:30,2.426,0.72,0.68,-0.372,-0.372,GREEN,2.226,GREEN,b'0x'
1076,03/05/2026 17:35,2.395,0.74,0.81,-0.372,-0.377,GREEN,2.2,GREEN,b'0x'
1077,03/05/2026 17:40,2.365,0.7000000000000001,0.66,-0.36,-0.359,GREEN,2.196,GREEN,b'0x'
1078,03/05/2026 17:45,2.336,0.74,0.79,-0.348,-0.351,GREEN,2.192,GREEN,b'0x'
1079,03/05/2026 17:50,2.303,0.73,0.8,-0.396,-0.399,GREEN,2.213,GREEN,b'0x'
1080,03/05/2026 17:55,2.274,0.6900000000000001,0.62,-0.348,-0.347,GREEN,2.21,GREEN,b'0x'
1081,03/05/2026 18:00,2.243,0.71,0.66,-0.372,-0.373,GREEN,2.193,GREEN,b'0x'
1082,03/05/2026 18:05,2.239,0.6900000000000001,0.64,-0.048,-0.047,GREEN,2.19,GREEN,b'0x'
1083,03/05/2026 18:10,2.235,0.63,0.56,-0.048,-0.051,GREEN,2.221,GREEN,b'0x'
1084,03/05/2026 18:15,2.232,0.62,0.5700000000000001,-0.036,-0.035,GREEN,2.193,GREEN,b'0x'
1085,03/05/2026 18:20,2.229,0.5700000000000001,0.52,-0.036,-0.033,GREEN,2.202,GREEN,b'0x'
1086,03/05/2026 18:25,2.226,0.54,0.51,-0.036,-0.037,GREEN,2.222,GREEN,b'0x'
1087,03/05/2026 18:30,2.222,0.55,0.52,-0.048,-0.051,GREEN,2.205,GREEN,b'0x'
1088,03/05/2026 18:35,2.219,0.52,0.44999999999999996,-0.036,-0.04,GREEN,2.224,GREEN,b'0x'
1089,03/05/2026 18:40,2.214,0.5,0.55,-0.06,-0.064,GREEN,2.205,GREEN,b'0x'
1090,03/05/2026 18:45,2.212,0.42999999999999994,0.37,-0.024,-0.02,GREEN,2.194,GREEN,b'0x'
1091,03/05/2026 18:50,2.208,0.41000000000000003,0.48,-0.048,-0.044,GREEN,2.222,GREEN,b'0x'
1092,03/05/2026 18:55,2.204,0.41000000000000003,0.45999999999999996,-0.048,-0.044,GREEN,2.219,GREEN,b'0x'
1093,03/05/2026 19:00,2.2,0.38,0.45999999999999996,-0.048,-0.049,GREEN,2.219,GREEN,b'0x'
1094,03/05/2026 19:05,2.202,0.36,0.32,0.024,0.021,GREEN,2.192,GREEN,b'0x'
1095,03/05/2026 19:10,2.202,0.37,0.33,0.0,-0.0,GREEN,2.216,GREEN,b'0x'
1096,03/05/2026 19:15,2.204,0.37,0.33,0.024,0.024,GREEN,2.218,GREEN,b'0x'
1097,03/05/2026 19:20,2.205,0.37,0.42000000000000004,0.012,0.01,GREEN,2.201,GREEN,b'0x'
1098,03/05/2026 19:25,2.205,0.33,0.32,0.0,-0.001,GREEN,2.214,GREEN,b'0x'
1099,03/05/2026 19:30,2.204,0.36,0.42000000000000004,-0.012,-0.014,GREEN,2.224,GREEN,b'0x'
1100,03/05/2026 19:35,2.206,0.33,0.36,0.024,0.022,GREEN,2.206,GREEN,b'0x'
1101,03/05/2026 19:40,2.207,0.33,0.3,0.012,0.01,GREEN,2.21,GREEN,b'0x'
1102,03/05/2026 19:45,2.208,0.31,0.32,0.012,0.017,GREEN,2.229,GREEN,b'0x'
1103,03/05/2026 19:50,2.207,0.33,0.32,-0.012,-0.014,GREEN,2.216,GREEN,b'0x'
1104,03/05/2026 19:55,2.209,0.32,0.38,0.024,0.022,GREEN,2.213,GREEN,b'0x'
1105,03/05/2026 20:00,2.209,0.31,0.35000000000000003,0.0,0.005,GREEN,2.234,GREEN,b'0x'
1106,03/05/2026 20:05,2.211,0.34,0.38,0.024,0.023,GREEN,2.243,GREEN,b'0x'
1107,03/05/2026 20:10,2.212,0.33,0.27,0.012,0.012,GREEN,2.216,GREEN,b'0x'
1108,03/05/2026 20:15,2.212,0.33,0.27,0.0,0.005,GREEN,2.217,GREEN,b'0x'
1109,03/05/2026 20:20,2.214,0.33,0.26,0.024,0.023,GREEN,2.219,GREEN,b'0x'
1110,03/05/2026 20:25,2.215,0.34,0.31,0.012,0.016,GREEN,2.215,GREEN,b'0x'
1111,03/05/2026 20:30,2.216,0.33,0.38,0.012,0.008,GREEN,2.243,GREEN,b'0x'
1112,03/05/2026 20:35,2.216,0.32,0.37,0.0,-0.004,GREEN,2.232,GREEN,b'0x'
1113,03/05/2026 20:40,2.218,0.32,0.3,0.024,0.028,GREEN,2.236,GREEN,b'0x'
1114,03/05/2026 20:45,2.22,0.35000000000000003,0.42000000000000004,0.024,0.019,GREEN,2.249,GREEN,b'0x'
1115,03/05/2026 20:50,2.22,0.33,0.33,0.0,-0.0,GREEN,2.238,GREEN,b'0x'
1116,03/05/2026 20:55,2.221,0.32,0.26,0.012,0.012,GREEN,2.239,GREEN,b'0x'
1117,03/05/2026 21:00,2.224,0.36,0.35000000000000003,0.036,0.036,GREEN,2.254,GREEN,b'0x'
1118,03/05/2026 21:05,2.225,0.34,0.32,0.012,0.016,GREEN,2.246,GREEN,b'0x'
1119,03/05/2026 21:10,2.227,0.34,0.39,0.024,0.02,GREEN,2.264,GREEN,b'0x'
1120,03/05/2026 21:15,2.228,0.34,0.27,0.012,0.015,GREEN,2.25,GREEN,b'0x'
1121,03/05/2026 21:20,2.229,0.34,0.38,0.012,0.007,GREEN,2.257,GREEN,b'0x'
1122,03/05/2026 21:25,2.232,0.34,0.41000000000000003,0.036,0.032,GREEN,2.234,GREEN,b'0x'
1123,03/05/2026 21:30,2.232,0.35000000000000003,0.39,0.0,-0.002,GREEN,2.239,GREEN,b'0x'
1124,03/05/2026 21:35,2.234,0.33,0.25,0.024,0.025,GREEN,2.274,GREEN,b'0x'
1125,03/05/2026 21:40,2.237,0.33,0.26,0.036,0.033,GREEN,2.276,GREEN,b'0x'
1126,03/05/2026 21:45,2.238,0.32,0.36,0.012,0.016,GREEN,2.246,GREEN,b'0x'
1127,03/05/2026 21:50,2.24,0.36,0.33,0.024,0.022,GREEN,2.25,GREEN,b'0x'
1128,03/05/2026 21:55,2.242,0.37,0.43999999999999995,0.024,0.028,GREEN,2.284,GREEN,b'0x'
1129,03/05/2026 22:00,2.243,0.33,0.25,0.012,0.009,GREEN,2.253,GREEN,b'0x'
1130,03/05/2026 22:05,2.244,0.35000000000000003,0.42999999999999994,0.012,0.008,GREEN,2.271,GREEN,b'0x'
1131,03/05/2026 22:10,2.247,0.36,0.33,0.036,0.038,GREEN,2.263,GREEN,b'0x'
1132,03/05/2026 22:15,2.25,0.34,0.42000000000000004,0.036,0.039,GREEN,2.259,GREEN,b'0x'
1133,03/05/2026 22:20,2.252,0.36,0.31,0.024,0.021,GREEN,2.287,GREEN,b'0x'
1134,03/05/2026 22:25,2.253,0.34,0.4,0.012,0.012,GREEN,2.265,GREEN,b'0x'
1135,03/05/2026 22:30,2.256,0.35000000000000003,0.42000000000000004,0.036,0.04,GREEN,2.265,GREEN,b'0x'
1136,03/05/2026 22:35,2.258,0.36,0.42000000000000004,0.024,0.023,GREEN,2.275,GREEN,b'0x'
1137,03/05/2026 22:40,2.261,0.32,0.36,0.036,0.037,GREEN,2.271,GREEN,b'0x'
1138,03/05/2026 22:45,2.263,0.37,0.42999999999999994,0.024,0.021,GREEN,2.311,GREEN,b'0x'
1139,03/05/2026 22:50,2.264,0.34,0.42000000000000004,0.012,0.01,GREEN,2.308,GREEN,b'0x'
1140,03/05/2026 22:55,2.266,0.34,0.42000000000000004,0.024,0.027,GREEN,2.312,GREEN,b'0x'
1141,03/05/2026 23:00,2.269,0.34,0.39,0.036,0.038,GREEN,2.289,GREEN,b'0x'
1142,03/05/2026 23:05,2.271,0.34,0.29000000000000004,0.024,0.024,GREEN,2.283,GREEN,b'0x'
1143,03/05/2026 23:10,2.273,0.33,0.35000000000000003,0.024,0.026,GREEN,2.295,GREEN,b'0x'
1144,03/05/2026 23:15,2.276,0.36,0.33,0.036,0.035,GREEN,2.293,GREEN,b'0x'
1145,03/05/2026 23:20,2.278,0.34,0.34,0.024,0.026,GREEN,2.297,GREEN,b'0x'
1146,03/05/2026 23:25,2.282,0.36,0.38,0.048,0.049,GREEN,2.324,GREEN,b'0x'
1147,03/05/2026 23:30,2.284,0.34,0.29000000000000004,0.024,0.024,GREEN,2.325,GREEN,b'0x'
1148,03/05/2026 23:35,2.286,0.35000000000000003,0.33,0.024,0.026,GREEN,2.309,GREEN,b'0x'
1149,03/05/2026 23:40,2.289,0.35000000000000003,0.33,0.036,0.037,GREEN,2.321,GREEN,b'0x'
1150,03/05/2026 23:45,2.291,0.37,0.34,0.024,0.021,GREEN,2.335,GREEN,b'0x'
1151,03/05/2026 23:50,2.294,0.34,0.26,0.036,0.033,GREEN,2.315,GREEN,b'0x'
1152,03/05/2026 23:55,2.295,0.33,0.36,0.012,0.009,GREEN,2.33,GREEN,b'0x'
1153,04/05/2026 00:00,2.297,0.35000000000000003,0.35000000000000003,0.024,0.029,GREEN,2.316,GREEN,b'0x'
1154,04/05/2026 00:05,2.301,0.35000000000000003,0.28,0.048,0.049,GREEN,2.346,GREEN,b'0x'
1155,04/05/2026 00:10,2.304,0.37,0.4,0.036,0.035,GREEN,2.35,GREEN,b'0x'
1156,04/05/2026 00:15,2.306,0.35000000000000003,0.27,0.024,0.027,GREEN,2.357,GREEN,b'0x'
1157,04/05/2026 00:20,2.31,0.36,0.29000000000000004,0.048,0.043,GREEN,2.335,GREEN,b'0x'
1158,04/05/2026 00:25,2.311,0.34,0.36,0.012,0.015,GREEN,2.331,GREEN,b'0x'
1159,04/05/2026 00:30,2.315,0.34,0.32,0.048,0.05,GREEN,2.347,GREEN,b'0x'
1160,04/05/2026 00:35,2.317,0.36,0.31,0.024,0.028,GREEN,2.341,GREEN,b'0x'
1161,04/05/2026 00:40,2.321,0.35000000000000003,0.41000000000000003,0.048,0.047,GREEN,2.359,GREEN,b'0x'
1162,04/05/2026 00:45,2.324,0.34,0.34,0.036,0.04,GREEN,2.363,GREEN,b'0x'
1163,04/05/2026 00:50,2.326,0.35000000000000003,0.4,0.024,0.022,GREEN,2.369,GREEN,b'0x'
1164,04/05/2026 00:55,2.329,0.34,0.3,0.036,0.036,GREEN,2.382,GREEN,b'0x'
1165,04/05/2026 01:00,2.333,0.37,0.4,0.048,0.048,GREEN,2.37,GREEN,b'0x'
1166,04/05/2026 01:05,2.335,0.34,0.33,0.024,0.028,GREEN,2.387,GREEN,b'0x'
1167,04/05/2026 01:10,2.339,0.38,0.35000000000000003,0.048,0.045,GREEN,2.388,GREEN,b'0x'
1168,04/05/2026 01:15,2.341,0.37,0.31,0.024,0.028,GREEN,2.384,GREEN,b'0x'
1169,04/05/2026 01:20,2.344,0.37,0.3,0.036,0.04,GREEN,2.376,GREEN,b'0x'
1170,04/05/2026 01:25,2.347,0.38,0.36,0.036,0.035,GREEN,2.392,GREEN,b'0x'
1171,04/05/2026 01:30,2.35,0.37,0.44999999999999996,0.036,0.033,GREEN,2.393,GREEN,b'0x'
1172,04/05/2026 01:35,2.353,0.36,0.28,0.036,0.038,GREEN,2.375,GREEN,b'0x'
1173,04/05/2026 01:40,2.358,0.38,0.45999999999999996,0.06,0.061,GREEN,2.377,GREEN,b'0x'
1174,04/05/2026 01:45,2.361,0.36,0.29000000000000004,0.036,0.039,GREEN,2.391,GREEN,b'0x'
1175,04/05/2026 01:50,2.362,0.37,0.33,0.012,0.012,GREEN,2.42,GREEN,b'0x'
1176,04/05/2026 01:55,2.366,0.35000000000000003,0.29000000000000004,0.048,0.051,GREEN,2.389,GREEN,b'0x'
1177,04/05/2026 02:00,2.369,0.35000000000000003,0.31,0.036,0.032,GREEN,2.427,GREEN,b'0x'
1178,04/05/2026 02:05,2.373,0.37,0.3,0.048,0.05,GREEN,2.431,GREEN,b'0x'
1179,04/05/2026 02:10,2.376,0.35000000000000003,0.36,0.036,0.032,GREEN,2.421,GREEN,b'0x'
1180,04/05/2026 02:15,2.38,0.36,0.35000000000000003,0.048,0.045,GREEN,2.416,GREEN,b'0x'
1181,04/05/2026 02:20,2.383,0.34,0.37,0.036,0.035,GREEN,2.445,GREEN,b'0x'
1182,04/05/2026 02:25,2.385,0.35000000000000003,0.36,0.024,0.022,GREEN,2.431,GREEN,b'0x'
1183,04/05/2026 02:30,2.39,0.37,0.44999999999999996,0.06,0.061,GREEN,2.459,GREEN,b'0x'
1184,04/05/2026 02:35,2.393,0.39,0.36,0.036,0.032,GREEN,2.465,GREEN,b'0x'
1185,04/05/2026 02:40,2.395,0.34,0.37,0.024,0.029,GREEN,2.46,GREEN,b'0x'
1186,04/05/2026 02:45,2.4,0.38,0.34,0.06,0.06,GREEN,2.468,GREEN,b'0x'
1187,04/05/2026 02:50,2.403,0.39,0.37,0.036,0.036,GREEN,2.477,GREEN,b'0x'
1188,04/05/2026 02:55,2.407,0.35000000000000003,0.36,0.048,0.045,GREEN,2.506,GREEN,b'0x'
1189,04/05/2026 03:00,2.409,0.36,0.35000000000000003,0.024,0.027,GREEN,2.481,GREEN,b'0x'
1190,04/05/2026 03:05,2.418,0.35000000000000003,0.34,0.108,0.111,GREEN,2.491,GREEN,b'0x'
1191,04/05/2026 03:10,2.425,0.36,0.38,0.084,0.086,GREEN,2.521,GREEN,b'0x'
1192,04/05/2026 03:15,2.432,0.36,0.31,0.084,0.081,GREEN,2.514,GREEN,b'0x'
1193,04/05/2026 03:20,2.439,0.4,0.41000000000000003,0.084,0.086,GREEN,2.539,GREEN,b'0x'
1194,04/05/2026 03:25,2.447,0.4,0.37,0.096,0.097,GREEN,2.563,GREEN,b'0x'
1195,04/05/2026 03:30,2.453,0.41000000000000003,0.42000000000000004,0.072,0.075,GREEN,2.55,GREEN,b'0x'
1196,04/05/2026 03:35,2.462,0.4,0.43999999999999995,0.108,0.112,GREEN,2.568,GREEN,b'0x'
1197,04/05/2026 03:40,2.469,0.39,0.45999999999999996,0.084,0.083,GREEN,2.611,GREEN,b'0x'
1198,04/05/2026 03:45,2.477,0.38,0.34,0.096,0.099,GREEN,2.616,GREEN,b'0x'
1199,04/05/2026 03:50,2.484,0.4,0.33,0.084,0.085,GREEN,2.632,GREEN,b'0x'
1200,04/05/2026 03:55,2.49,0.39,0.37,0.072,0.071,GREEN,2.609,GREEN,b'0x'
1201,04/05/2026 04:00,2.497,0.42000000000000004,0.38,0.084,0.081,GREEN,2.652,GREEN,b'0x'
1202,04/05/2026 04:05,2.509,0.41000000000000003,0.44999999999999996,0.144,0.145,GREEN,2.654,GREEN,b'0x'
1203,04/05/2026 04:10,2.522,0.41000000000000003,0.4,0.156,0.154,GREEN,2.678,GREEN,b'0x'
1204,04/05/2026 04:15,2.533,0.43999999999999995,0.38,0.132,0.135,GREEN,2.675,GREEN,b'0x'
1205,04/05/2026 04:20,2.544,0.41000000000000003,0.33,0.132,0.134,GREEN,2.692,GREEN,b'0x'
1206,04/05/2026 04:25,2.555,0.42999999999999994,0.48,0.132,0.133,GREEN,2.714,GREEN,b'0x'
1207,04/05/2026 04:30,2.568,0.44999999999999996,0.47,0.156,0.154,GREEN,2.725,GREEN,b'0x'
1208,04/05/2026 04:35,2.579,0.42999999999999994,0.37,0.132,0.135,GREEN,2.739,GREEN,b'0x'
1209,04/05/2026 04:40,2.591,0.43999999999999995,0.4,0.144,0.142,GREEN,2.742,GREEN,b'0x'
1210,04/05/2026 04:45,2.602,0.44999999999999996,0.42000000000000004,0.132,0.131,GREEN,2.77,GREEN,b'0x'
1211,04/05/2026 04:50,2.614,0.43999999999999995,0.44999999999999996,0.144,0.145,GREEN,2.782,GREEN,b'0x'
1212,04/05/2026 04:55,2.625,0.48,0.51,0.132,0.128,GREEN,2.811,GREEN,b'0x'
1213,04/05/2026 05:00,2.637,0.44999999999999996,0.51,0.144,0.139,GREEN,2.79,GREEN,b'0x'
1214,04/05/2026 05:05,2.65,0.45999999999999996,0.42000000000000004,0.156,0.159,GREEN,2.812,GREEN,b'0x'
1215,04/05/2026 05:10,2.665,0.47,0.4,0.18,0.185,GREEN,2.821,GREEN,b'0x'
1216,04/05/2026 05:15,2.678,0.47,0.4,0.156,0.161,GREEN,2.833,GREEN,b'0x'
1217,04/05/2026 05:20,2.691,0.49,0.42000000000000004,0.156,0.153,GREEN,2.85,GREEN,b'0x'
1218,04/05/2026 05:25,2.706,0.45999999999999996,0.4,0.18,0.179,GREEN,2.882,GREEN,b'0x'
1219,04/05/2026 05:30,2.721,0.49,0.42000000000000004,0.18,0.183,GREEN,2.883,GREEN,b'0x'
1220,04/05/2026 05:35,2.735,0.49,0.41000000000000003,0.168,0.173,GREEN,2.894,GREEN,b'0x'
1221,04/05/2026 05:40,2.749,0.45999999999999996,0.51,0.168,0.164,GREEN,2.925,GREEN,b'0x'
1222,04/05/2026 05:45,2.762,0.48,0.4,0.156,0.16,GREEN,2.935,GREEN,b'0x'
1223,04/05/2026 05:50,2.777,0.48,0.41000000000000003,0.18,0.175,GREEN,2.962,GREEN,b'0x'
1224,04/05/2026 05:55,2.792,0.49,0.49,0.18,0.18,GREEN,2.959,GREEN,b'0x'
1225,04/05/2026 06:00,2.804,0.48,0.41000000000000003,0.144,0.14,GREEN,2.973,GREEN,b'0x'
1226,04/05/2026 06:05,2.82,0.5,0.5800000000000001,0.192,0.195,GREEN,3.013,GREEN,b'0x'
1227,04/05/2026 06:10,2.836,0.52,0.5700000000000001,0.192,0.195,GREEN,3.027,GREEN,b'0x'
1228,04/05/2026 06:15,2.849,0.49,0.5,0.156,0.158,GREEN,3.033,GREEN,b'0x'
1229,04/05/2026 06:20,2.865,0.49,0.55,0.192,0.196,GREEN,3.041,GREEN,b'0x'
1230,04/05/2026 06:25,2.879,0.52,0.44999999999999996,0.168,0.164,GREEN,3.045,GREEN,b'0x'
1231,04/05/2026 06:30,2.895,0.5,0.53,0.192,0.196,GREEN,3.063,GREEN,b'0x'
1232,04/05/2026 06:35,2.909,0.49,0.48,0.168,0.171,GREEN,3.074,GREEN,b'0x'
1233,04/05/2026 06:40,2.924,0.48,0.48,0.18,0.178,GREEN,3.082,GREEN,b'0x'
1234,04/05/2026 06:45,2.939,0.48,0.5,0.18,0.179,GREEN,3.13,GREEN,b'0x'
1235,04/05/2026 06:50,2.955,0.49,0.45999999999999996,0.192,0.194,GREEN,3.108,GREEN,b'0x'
1236,04/05/2026 06:55,2.969,0.49,0.42999999999999994,0.168,0.166,GREEN,3.143,GREEN,b'0x'
1237,04/05/2026 07:00,2.985,0.49,0.55,0.192,0.188,GREEN,3.152,GREEN,b'0x'
1238,04/05/2026 07:05,2.998,0.52,0.48,0.156,0.16,GREEN,3.154,GREEN,b'0x'
1239,04/05/2026 07:10,3.013,0.49,0.56,0.18,0.183,GREEN,3.159,GREEN,b'0x'
1240,04/05/2026 07:15,3.027,0.5,0.55,0.168,0.169,GREEN,3.176,GREEN,b'0x'
1241,04/05/2026 07:20,3.042,0.48,0.48,0.18,0.181,GREEN,3.205,GREEN,b'0x'
1242,04/05/2026 07:25,3.055,0.49,0.41000000000000003,0.156,0.152,GREEN,3.221,GREEN,b'0x'
1243,04/05/2026 07:30,3.069,0.49,0.54,0.168,0.163,GREEN,3.212,GREEN,b'0x'
1244,04/05/2026 07:35,3.083,0.51,0.48,0.168,0.168,GREEN,3.251,GREEN,b'0x'
1245,04/05/2026 07:40,3.097,0.5,0.42999999999999994,0.168,0.17,GREEN,3.231,GREEN,b'0x'
1246,04/05/2026 07:45,3.111,0.5,0.43999999999999995,0.168,0.168,GREEN,3.247,GREEN,b'0x'
1247,04/05/2026 07:50,3.126,0.52,0.49,0.18,0.178,GREEN,3.279,GREEN,b'0x'
1248,04/05/2026 07:55,3.139,0.51,0.55,0.156,0.153,GREEN,3.291,GREEN,b'0x'
1249,04/05/2026 08:00,3.153,0.52,0.47,0.168,0.167,GREEN,3.286,GREEN,b'0x'
1250,04/05/2026 08:05,3.166,0.5,0.45999999999999996,0.156,0.156,GREEN,3.283,GREEN,b'0x'
1251,04/05/2026 08:10,3.177,0.5,0.43999999999999995,0.132,0.13,GREEN,3.293,GREEN,b'0x'
1252,04/05/2026 08:15,3.189,0.48,0.56,0.144,0.141,GREEN,3.317,GREEN,b'0x'
1253,04/05/2026 08:20,3.201,0.47,0.5,0.144,0.14,GREEN,3.319,GREEN,b'0x'
1254,04/05/2026 08:25,3.213,0.48,0.42999999999999994,0.144,0.148,GREEN,3.318,GREEN,b'0x'
1255,04/05/2026 08:30,3.225,0.49,0.48,0.144,0.14,GREEN,3.326,GREEN,b'0x'
1256,04/05/2026 08:35,3.235,0.47,0.5,0.12,0.119,GREEN,3.341,GREEN,b'0x'
1257,04/05/2026 08:40,3.247,0.49,0.54,0.144,0.144,GREEN,3.347,GREEN,b'0x'
1258,04/05/2026 08:45,3.26,0.44999999999999996,0.42000000000000004,0.156,0.155,GREEN,3.363,GREEN,b'0x'
1259,04/05/2026 08:50,3.271,0.44999999999999996,0.43999999999999995,0.132,0.136,GREEN,3.379,GREEN,b'0x'
1260,04/05/2026 08:55,3.282,0.47,0.49,0.132,0.137,GREEN,3.359,GREEN,b'0x'
1261,04/05/2026 09:00,3.294,0.49,0.55,0.144,0.146,GREEN,3.401,GREEN,b'0x'
1262,04/05/2026 09:05,3.302,0.47,0.54,0.096,0.094,GREEN,3.379,GREEN,b'0x'
1263,04/05/2026 09:10,3.31,0.42999999999999994,0.43999999999999995,0.096,0.099,GREEN,3.374,GREEN,b'0x'
1264,04/05/2026 09:15,3.317,0.44999999999999996,0.38,0.084,0.081,GREEN,3.386,GREEN,b'0x'
1265,04/05/2026 09:20,3.325,0.44999999999999996,0.37,0.096,0.095,GREEN,3.393,GREEN,b'0x'
1266,04/05/2026 09:25,3.333,0.42000000000000004,0.42000000000000004,0.096,0.101,GREEN,3.38,GREEN,b'0x'
1267,04/05/2026 09:30,3.341,0.44999999999999996,0.4,0.096,0.093,GREEN,3.391,GREEN,b'0x'
1268,04/05/2026 09:35,3.348,0.42000000000000004,0.42999999999999994,0.084,0.083,GREEN,3.397,GREEN,b'0x'
1269,04/05/2026 09:40,3.356,0.42000000000000004,0.41000000000000003,0.096,0.099,GREEN,3.395,GREEN,b'0x'
1270,04/05/2026 09:45,3.363,0.44999999999999996,0.45999999999999996,0.084,0.086,GREEN,3.395,GREEN,b'0x'
1271,04/05/2026 09:50,3.37,0.43999999999999995,0.44999999999999996,0.084,0.082,GREEN,3.388,GREEN,b'0x'
1272,04/05/2026 09:55,3.378,0.41000000000000003,0.38,0.096,0.093,GREEN,3.413,GREEN,b'0x'
1273,04/05/2026 10:00,3.386,0.4,0.41000000000000003,0.096,0.099,GREEN,3.42,GREEN,b'0x'
1274,04/05/2026 10:05,3.388,0.42999999999999994,0.48,0.024,0.027,GREEN,3.409,GREEN,b'0x'
1275,04/05/2026 10:10,3.389,0.4,0.41000000000000003,0.012,0.012,GREEN,3.397,GREEN,b'0x'
1276,04/05/2026 10:15,3.392,0.4,0.4,0.036,0.034,GREEN,3.426,GREEN,b'0x'
1277,04/05/2026 10:20,3.394,0.39,0.42999999999999994,0.024,0.027,GREEN,3.392,GREEN,b'0x'
1278,04/05/2026 10:25,3.396,0.4,0.42000000000000004,0.024,0.02,GREEN,3.399,GREEN,b'0x'
1279,04/05/2026 10:30,3.397,0.38,0.39,0.012,0.016,GREEN,3.414,GREEN,b'0x'
1280,04/05/2026 10:35,3.399,0.39,0.36,0.024,0.027,GREEN,3.408,GREEN,b'0x'
1281,04/05/2026 10:40,3.402,0.35000000000000003,0.41000000000000003,0.036,0.034,GREEN,3.403,GREEN,b'0x'
1282,04/05/2026 10:45,3.403,0.36,0.32,0.012,0.017,GREEN,3.391,GREEN,b'0x'
1283,04/05/2026 10:50,3.404,0.37,0.43999999999999995,0.012,0.009,GREEN,3.406,GREEN,b'0x'
1284,04/05/2026 10:55,3.408,0.35000000000000003,0.3,0.048,0.045,GREEN,3.391,GREEN,b'0x'
1285,04/05/2026 11:00,3.408,0.35000000000000003,0.34,0.0,0.001,GREEN,3.408,GREEN,b'0x'
1286,04/05/2026 11:05,3.408,0.33,0.28,0.0,-0.002,GREEN,3.395,GREEN,b'0x'
1287,04/05/2026 11:10,3.406,0.35000000000000003,0.32,-0.024,-0.02,GREEN,3.401,GREEN,b'0x'
1288,04/05/2026 11:15,3.406,0.34,0.26,0.0,-0.003,GREEN,3.368,GREEN,b'0x'
1289,04/05/2026 11:20,3.404,0.33,0.32,-0.024,-0.027,GREEN,3.37,GREEN,b'0x'
1290,04/05/2026 11:25,3.403,0.35000000000000003,0.31,-0.012,-0.014,GREEN,3.387,GREEN,b'0x'
1291,04/05/2026 11:30,3.401,0.34,0.32,-0.024,-0.026,GREEN,3.36,GREEN,b'0x'
1292,04/05/2026 11:35,3.399,0.33,0.31,-0.024,-0.02,GREEN,3.364,GREEN,b'0x'
1293,04/05/2026 11:40,3.398,0.31,0.31,-0.012,-0.01,GREEN,3.365,GREEN,b'0x'
1294,04/05/2026 11:45,3.397,0.33,0.26,-0.012,-0.009,GREEN,3.349,GREEN,b'0x'
1295,04/05/2026 11:50,3.396,0.32,0.25,-0.012,-0.007,GREEN,3.362,GREEN,b'0x'
1296,04/05/2026 11:55,3.394,0.34,0.33,-0.024,-0.027,GREEN,3.36,GREEN,b'0x'
1297,04/05/2026 12:00,3.393,0.35000000000000003,0.3,-0.012,-0.01,GREEN,3.351,GREEN,b'0x'
1298,04/05/2026 12:05,3.39,0.35000000000000003,0.37,-0.036,-0.034,GREEN,3.356,GREEN,b'0x'
1299,04/05/2026 12:10,3.386,0.33,0.37,-0.048,-0.051,GREEN,3.357,GREEN,b'0x'
1300,04/05/2026 12:15,3.383,0.37,0.42000000000000004,-0.036,-0.038,GREEN,3.346,GREEN,b'0x'
1301,04/05/2026 12:20,3.38,0.37,0.42000000000000004,-0.036,-0.04,GREEN,3.315,GREEN,b'0x'
1302,04/05/2026 12:25,3.376,0.36,0.41000000000000003,-0.048,-0.05,GREEN,3.333,GREEN,b'0x'
1303,04/05/2026 12:30,3.373,0.34,0.34,-0.036,-0.038,GREEN,3.339,GREEN,b'0x'
1304,04/05/2026 12:35,3.369,0.34,0.27,-0.048,-0.044,GREEN,3.326,GREEN,b'0x'
1305,04/05/2026 12:40,3.367,0.36,0.3,-0.024,-0.027,GREEN,3.295,GREEN,b'0x'
1306,04/05/2026 12:45,3.362,0.36,0.32,-0.06,-0.06,GREEN,3.324,GREEN,b'0x'
1307,04/05/2026 12:50,3.359,0.38,0.36,-0.036,-0.04,GREEN,3.299,GREEN,b'0x'
1308,04/05/2026 12:55,3.355,0.37,0.41000000000000003,-0.048,-0.053,GREEN,3.283,GREEN,b'0x'
1309,04/05/2026 13:00,3.354,0.38,0.37,-0.012,-0.013,GREEN,3.27,GREEN,b'0x'
1310,04/05/2026 13:05,3.348,0.37,0.37,-0.072,-0.07,GREEN,3.284,GREEN,b'0x'
1311,04/05/2026 13:10,3.342,0.35000000000000003,0.27,-0.072,-0.071,GREEN,3.257,GREEN,b'0x'
1312,04/05/2026 13:15,3.337,0.37,0.34,-0.06,-0.06,GREEN,3.28,GREEN,b'0x'
1313,04/05/2026 13:20,3.331,0.38,0.37,-0.072,-0.068,GREEN,3.244,GREEN,b'0x'
1314,04/05/2026 13:25,3.325,0.37,0.38,-0.072,-0.072,GREEN,3.235,GREEN,b'0x'
1315,04/05/2026 13:30,3.32,0.4,0.41000000000000003,-0.06,-0.058,GREEN,3.245,GREEN,b'0x'
1316,04/05/2026 13:35,3.316,0.36,0.28,-0.048,-0.044,GREEN,3.253,GREEN,b'0x'
1317,04/05/2026 13:40,3.31,0.37,0.33,-0.072,-0.068,GREEN,3.232,GREEN,b'0x'
1318,04/05/2026 13:45,3.305,0.38,0.3,-0.06,-0.058,GREEN,3.219,GREEN,b'0x'
1319,04/05/2026 13:50,3.299,0.4,0.36,-0.072,-0.068,GREEN,3.227,GREEN,b'0x'
1320,04/05/2026 13:55,3.293,0.38,0.32,-0.072,-0.071,GREEN,3.202,GREEN,b'0x'
1321,04/05/2026 14:00,3.289,0.41000000000000003,0.42000000000000004,-0.048,-0.046,GREEN,3.182,GREEN,b'0x'
1322,04/05/2026 14:05,3.281,0.38,0.35000000000000003,-0.096,-0.1,GREEN,3.197,GREEN,b'0x'
1323,04/05/2026 14:10,3.274,0.39,0.36,-0.084,-0.086,GREEN,3.183,GREEN,b'0x'
1324,04/05/2026 14:15,3.266,0.38,0.32,-0.096,-0.101,GREEN,3.163,GREEN,b'0x'
1325,04/05/2026 14:20,3.258,0.4,0.38,-0.096,-0.101,GREEN,3.174,GREEN,b'0x'
1326,04/05/2026 14:25,3.25,0.42000000000000004,0.44999999999999996,-0.096,-0.099,GREEN,3.145,GREEN,b'0x'
1327,04/05/2026 14:30,3.244,0.4,0.38,-0.072,-0.073,GREEN,3.157,GREEN,b'0x'
1328,04/05/2026 14:35,3.235,0.42000000000000004,0.34,-0.108,-0.105,GREEN,3.141,GREEN,b'0x'
1329,04/05/2026 14:40,3.227,0.42000000000000004,0.47,-0.096,-0.095,GREEN,3.102,GREEN,b'0x'
1330,04/05/2026 14:45,3.221,0.42000000000000004,0.39,-0.072,-0.077,GREEN,3.1,GREEN,b'0x'
1331,04/05/2026 14:50,3.213,0.41000000000000003,0.37,-0.096,-0.097,GREEN,3.081,GREEN,b'0x'
1332,04/05/2026 14:55,3.205,0.42000000000000004,0.42000000000000004,-0.096,-0.093,GREEN,3.078,GREEN,b'0x'
1333,04/05/2026 15:00,3.197,0.41000000000000003,0.42999999999999994,-0.096,-0.093,GREEN,3.067,GREEN,b'0x'
1334,04/05/2026 15:05,3.188,0.4,0.42999999999999994,-0.108,-0.107,GREEN,3.082,GREEN,b'0x'
1335,04/05/2026 15:10,3.177,0.41000000000000003,0.42000000000000004,-0.132,-0.135,GREEN,3.036,GREEN,b'0x'
1336,04/05/2026 15:15,3.168,0.43999999999999995,0.51,-0.108,-0.113,GREEN,3.028,GREEN,b'0x'
1337,04/05/2026 15:20,3.159,0.4,0.4,-0.108,-0.105,GREEN,3.035,GREEN,b'0x'
1338,04/05/2026 15:25,3.15,0.42999999999999994,0.38,-0.108,-0.104,GREEN,3.025,GREEN,b'0x'
1339,04/05/2026 15:30,3.139,0.42999999999999994,0.5,-0.132,-0.131,GREEN,2.989,GREEN,b'0x'
1340,04/05/2026 15:35,3.13,0.43999999999999995,0.49,-0.108,-0.107,GREEN,3.009,GREEN,b'0x'
1341,04/05/2026 15:40,3.12,0.42000000000000004,0.49,-0.12,-0.117,GREEN,2.976,GREEN,b'0x'
1342,04/05/2026 15:45,3.11,0.42000000000000004,0.42000000000000004,-0.12,-0.115,GREEN,2.984,GREEN,b'0x'
1343,04/05/2026 15:50,3.1,0.43999999999999995,0.4,-0.12,-0.12,GREEN,2.942,GREEN,b'0x'
1344,04/05/2026 15:55,3.09,0.42999999999999994,0.41000000000000003,-0.12,-0.122,GREEN,2.933,GREEN,b'0x'
1345,04/05/2026 16:00,3.079,0.42999999999999994,0.42999999999999994,-0.132,-0.134,GREEN,2.931,GREEN,b'0x'
1346,04/05/2026 16:05,3.067,0.42999999999999994,0.49,-0.144,-0.145,GREEN,2.916,GREEN,b'0x'
1347,04/05/2026 16:10,3.055,0.42999999999999994,0.36,-0.144,-0.147,GREEN,2.894,GREEN,b'0x'
1348,04/05/2026 16:15,3.043,0.43999999999999995,0.52,-0.144,-0.146,GREEN,2.901,GREEN,b'0x'
1349,04/05/2026 16:20,3.031,0.42999999999999994,0.42999999999999994,-0.144,-0.14,GREEN,2.888,GREEN,b'0x'
1350,04/05/2026 16:25,3.02,0.47,0.52,-0.132,-0.128,GREEN,2.849,GREEN,b'0x'
1351,04/05/2026 16:30,3.008,0.43999999999999995,0.38,-0.144,-0.148,GREEN,2.839,GREEN,b'0x'
1352,04/05/2026 16:35,2.995,0.45999999999999996,0.42999999999999994,-0.156,-0.159,GREEN,2.853,GREEN,b'0x'
1353,04/05/2026 16:40,2.983,0.45999999999999996,0.42999999999999994,-0.144,-0.144,GREEN,2.808,GREEN,b'0x'
1354,04/05/2026 16:45,2.971,0.45999999999999996,0.44999999999999996,-0.144,-0.149,GREEN,2.801,GREEN,b'0x'
1355,04/05/2026 16:50,2.958,0.44999999999999996,0.4,-0.156,-0.157,GREEN,2.777,GREEN,b'0x'
1356,04/05/2026 16:55,2.947,0.47,0.48,-0.132,-0.129,GREEN,2.758,GREEN,b'0x'
1357,04/05/2026 17:00,2.935,0.49,0.5700000000000001,-0.144,-0.148,GREEN,2.75,GREEN,b'0x'
1358,04/05/2026 17:05,2.921,0.47,0.49,-0.168,-0.171,GREEN,2.726,GREEN,b'0x'
1359,04/05/2026 17:10,2.907,0.47,0.52,-0.168,-0.164,GREEN,2.732,GREEN,b'0x'
1360,04/05/2026 17:15,2.891,0.45999999999999996,0.39,-0.192,-0.188,GREEN,2.693,GREEN,b'0x'
1361,04/05/2026 17:20,2.877,0.45999999999999996,0.48,-0.168,-0.164,GREEN,2.706,GREEN,b'0x'
1362,04/05/2026 17:25,2.862,0.45999999999999996,0.47,-0.18,-0.185,GREEN,2.685,GREEN,b'0x'
1363,04/05/2026 17:30,2.848,0.51,0.56,-0.168,-0.173,GREEN,2.656,GREEN,b'0x'
1364,04/05/2026 17:35,2.833,0.48,0.42000000000000004,-0.18,-0.177,GREEN,2.657,GREEN,b'0x'
1365,04/05/2026 17:40,2.818,0.51,0.49,-0.18,-0.177,GREEN,2.627,GREEN,b'0x'
1366,04/05/2026 17:45,2.804,0.48,0.53,-0.168,-0.169,GREEN,2.621,GREEN,b'0x'
1367,04/05/2026 17:50,2.79,0.48,0.52,-0.168,-0.165,GREEN,2.587,GREEN,b'0x'
1368,04/05/2026 17:55,2.774,0.49,0.47,-0.192,-0.189,GREEN,2.574,GREEN,b'0x'
1369,04/05/2026 18:00,2.761,0.52,0.44999999999999996,-0.156,-0.154,GREEN,2.557,GREEN,b'0x'
1370,04/05/2026 18:05,2.742,0.53,0.48,-0.228,-0.224,GREEN,2.535,GREEN,b'0x'
1371,04/05/2026 18:10,2.725,0.52,0.53,-0.204,-0.206,GREEN,2.504,GREEN,b'0x'
1372,04/05/2026 18:15,2.71,0.53,0.47,-0.18,-0.179,GREEN,2.503,GREEN,b'0x'
1373,04/05/2026 18:20,2.691,0.52,0.5700000000000001,-0.228,-0.227,GREEN,2.494,GREEN,b'0x'
1374,04/05/2026 18:25,2.675,0.52,0.44999999999999996,-0.192,-0.192,GREEN,2.47,GREEN,b'0x'
1375,04/05/2026 18:30,2.658,0.52,0.52,-0.204,-0.2,GREEN,2.444,GREEN,b'0x'
1376,04/05/2026 18:35,2.642,0.54,0.6,-0.192,-0.191,GREEN,2.429,GREEN,b'0x'
1377,04/05/2026 18:40,2.625,0.54,0.56,-0.204,-0.202,GREEN,2.401,GREEN,b'0x'
1378,04/05/2026 18:45,2.606,0.52,0.55,-0.228,-0.229,GREEN,2.375,GREEN,b'0x'
1379,04/05/2026 18:50,2.589,0.53,0.5,-0.204,-0.208,GREEN,2.356,GREEN,b'0x'
1380,04/05/2026 18:55,2.574,0.52,0.59,-0.18,-0.18,GREEN,2.331,GREEN,b'0x'
1381,04/05/2026 19:00,2.555,0.55,0.5,-0.228,-0.224,GREEN,2.337,GREEN,b'0x'
1382,04/05/2026 19:05,2.536,0.54,0.49,-0.228,-0.231,GREEN,2.291,GREEN,b'0x'
1383,04/05/2026 19:10,2.516,0.51,0.44999999999999996,-0.24,-0.237,GREEN,2.27,GREEN,b'0x'
1384,04/05/2026 19:15,2.496,0.54,0.49,-0.24,-0.236,GREEN,2.261,GREEN,b'0x'
1385,04/05/2026 19:20,2.476,0.55,0.5,-0.24,-0.244,GREEN,2.221,GREEN,b'0x'
1386,04/05/2026 19:25,2.457,0.54,0.55,-0.228,-0.225,GREEN,2.191,GREEN,b'0x'
1387,04/05/2026 19:30,2.438,0.56,0.62,-0.228,-0.231,GREEN,2.174,GREEN,b'0x'
1388,04/05/2026 19:35,2.419,0.55,0.5700000000000001,-0.228,-0.224,GREEN,2.185,GREEN,b'0x'
1389,04/05/2026 19:40,2.398,0.56,0.59,-0.252,-0.255,GREEN,2.128,GREEN,b'0x'
1390,04/05/2026 19:45,2.378,0.53,0.5700000000000001,-0.24,-0.238,GREEN,2.121,GREEN,b'0x'
1391,04/05/2026 19:50,2.359,0.55,0.5800000000000001,-0.228,-0.232,GREEN,2.109,GREEN,b'0x'
1392,04/05/2026 19:55,2.339,0.55,0.59,-0.24,-0.245,GREEN,2.081,GREEN,b'0x'
1393,04/05/2026 20:00,2.321,0.55,0.61,-0.216,-0.211,GREEN,2.064,GREEN,b'0x'
1394,04/05/2026 20:05,2.298,0.5800000000000001,0.61,-0.276,-0.273,GREEN,2.009,GREEN,b'0x'
1395,04/05/2026 20:10,2.275,0.59,0.65,-0.276,-0.273,GREEN,1.993,GREEN,b'0x'
1396,04/05/2026 20:15,2.253,0.56,0.56,-0.264,-0.262,GREEN,1.968,GREEN,b'0x'
1397,04/05/2026 20:20,2.231,0.59,0.54,-0.264,-0.268,GREEN,1.952,GREEN,b'0x'
1398,04/05/2026 20:25,2.21,0.6,0.55,-0.252,-0.256,GREEN,1.936,GREEN,b'0x'
1399,04/05/2026 20:30,2.187,0.56,0.5800000000000001,-0.276,-0.279,GREEN,1.886,GREEN,b'0x'
1400,04/05/2026 20:35,2.165,0.56,0.63,-0.264,-0.266,GREEN,1.884,GREEN,b'0x'
1401,04/05/2026 20:40,2.143,0.59,0.61,-0.264,-0.26,GREEN,1.835,GREEN,b'0x'
1402,04/05/2026 20:45,2.12,0.56,0.56,-0.276,-0.28,GREEN,1.837,GREEN,b'0x'
1403,04/05/2026 20:50,2.097,0.61,0.5800000000000001,-0.276,-0.271,GREEN,1.807,GREEN,b'0x'
1404,04/05/2026 20:55,2.075,0.5800000000000001,0.61,-0.264,-0.267,GREEN,1.765,GREEN,b'0x'
1405,04/05/2026 21:00,2.053,0.5800000000000001,0.6,-0.264,-0.268,GREEN,1.761,GREEN,b'0x'
1406,04/05/2026 21:05,2.028,0.5800000000000001,0.53,-0.3,-0.299,GREEN,1.733,GREEN,b'0x'
1407,04/05/2026 21:10,2.003,0.59,0.63,-0.3,-0.296,GREEN,1.705,GREEN,b'0x'
1408,04/05/2026 21:15,1.978,0.61,0.56,-0.3,-0.296,GREEN,1.687,GREEN,b'0x'
1409,04/05/2026 21:20,1.954,0.59,0.5700000000000001,-0.288,-0.287,GREEN,1.649,GREEN,b'0x'
1410,04/05/2026 21:25,1.927,0.62,0.5800000000000001,-0.324,-0.321,GREEN,1.605,GREEN,b'0x'
1411,04/05/2026 21:30,1.902,0.6,0.61,-0.3,-0.304,GREEN,1.589,GREEN,b'0x'
1412,04/05/2026 21:35,1.877,0.62,0.6,-0.3,-0.3,GREEN,1.562,GREEN,b'0x'
1413,04/05/2026 21:40,1.852,0.6,0.63,-0.3,-0.298,GREEN,1.53,GREEN,b'0x'
1414,04/05/2026 21:45,1.828,0.61,0.59,-0.288,-0.286,GREEN,1.488,GREEN,b'0x'
1415,04/05/2026 21:50,1.803,0.6,0.64,-0.3,-0.302,GREEN,1.489,GREEN,b'0x'
1416,04/05/2026 21:55,1.777,0.64,0.67,-0.312,-0.31,GREEN,1.447,GREEN,b'0x'
1417,04/05/2026 22:00,1.751,0.63,0.62,-0.312,-0.316,GREEN,1.424,GREEN,b'0x'
1418,04/05/2026 22:05,1.724,0.61,0.55,-0.324,-0.32,GREEN,1.4,GREEN,b'0x'
1419,04/05/2026 22:10,1.695,0.65,0.5700000000000001,-0.348,-0.349,GREEN,1.347,GREEN,b'0x'
1420,04/05/2026 22:15,1.668,0.62,0.55,-0.324,-0.325,GREEN,1.344,GREEN,b'0x'
1421,04/05/2026 22:20,1.639,0.65,0.5800000000000001,-0.348,-0.352,GREEN,1.291,GREEN,b'0x'
1422,04/05/2026 22:25,1.612,0.65,0.5800000000000001,-0.324,-0.321,GREEN,1.288,GREEN,b'0x'
1423,04/05/2026 22:30,1.584,0.66,0.68,-0.336,-0.332,GREEN,1.248,GREEN,b'0x'
1424,04/05/2026 22:35,1.555,0.65,0.59,-0.348,-0.346,GREEN,1.207,GREEN,b'0x'
1425,04/05/2026 22:40,1.528,0.66,0.71,-0.324,-0.329,GREEN,1.204,GREEN,b'0x'
1426,04/05/2026 22:45,1.5,0.64,0.67,-0.336,-0.335,GREEN,1.164,GREEN,b'0x'
1427,04/05/2026 22:50,1.473,0.64,0.5800000000000001,-0.324,-0.324,GREEN,1.149,GREEN,b'0x'
1428,04/05/2026 22:55,1.445,0.67,0.71,-0.336,-0.336,GREEN,1.109,GREEN,b'0x'
1429,04/05/2026 23:00,1.416,0.66,0.63,-0.348,-0.346,GREEN,1.068,GREEN,b'0x'
1430,04/05/2026 23:05,1.45,0.55,0.52,0.408,0.41,GREEN,1.604,GREEN,b'0x'
1431,04/05/2026 23:10,1.482,0.53,0.54,0.384,0.385,GREEN,2.214,GREEN,b'0x'
1432,04/05/2026 23:15,1.516,0.53,0.5700000000000001,0.408,0.408,GREEN,2.258,GREEN,b'0x'
1433,04/05/2026 23:20,1.549,0.54,0.51,0.396,0.397,GREEN,1.725,GREEN,b'0x'
1434,04/05/2026 23:25,1.581,0.51,0.5,0.384,0.383,GREEN,2.05,GREEN,b'0x'
1435,04/05/2026 23:30,1.614,0.5,0.54,0.396,0.397,GREEN,1.919,GREEN,b'0x'
1436,04/05/2026 23:35,1.647,0.54,0.55,0.396,0.395,GREEN,1.898,GREEN,b'0x'
1437,04/05/2026 23:40,1.678,0.49,0.5,0.372,0.37,GREEN,2.188,GREEN,b'0x'
1438,04/05/2026 23:45,1.711,0.54,0.47,0.396,0.393,GREEN,2.436,GREEN,b'0x'
1439,04/05/2026 23:50,1.742,0.52,0.44999999999999996,0.372,0.374,GREEN,2.267,GREEN,b'0x'
1440,04/05/2026 23:55,1.772,0.51,0.54,0.36,0.36,GREEN,2.391,GREEN,b'0x'
1441,05/05/2026 00:00,1.804,0.54,0.62,0.384,0.381,GREEN,1.88,GREEN,b'0x'
1442,05/05/2026 00:05,1.834,0.53,0.49,0.36,0.359,GREEN,2.461,GREEN,b'0x'
1443,05/05/2026 00:10,1.866,0.51,0.54,0.384,0.387,GREEN,2.396,GREEN,b'0x'
1444,05/05/2026 00:15,1.897,0.52,0.53,0.372,0.373,GREEN,2.437,GREEN,b'0x'
1445,05/05/2026 00:20,1.926,0.51,0.54,0.348,0.348,GREEN,2.621,GREEN,b'0x'
1446,05/05/2026 00:25,1.957,0.52,0.5800000000000001,0.372,0.374,GREEN,2.426,GREEN,b'0x'
1447,05/05/2026 00:30,1.986,0.52,0.52,0.348,0.351,GREEN,2.348,GREEN,b'0x'
1448,05/05/2026 00:35,2.016,0.52,0.54,0.36,0.362,GREEN,2.31,GREEN,b'0x'
1449,05/05/2026 00:40,2.046,0.48,0.49,0.36,0.361,GREEN,2.349,GREEN,b'0x'
1450,05/05/2026 00:45,2.074,0.51,0.52,0.336,0.339,GREEN,2.739,GREEN,b'0x'
1451,05/05/2026 00:50,2.103,0.48,0.55,0.348,0.345,GREEN,2.232,GREEN,b'0x'
1452,05/05/2026 00:55,2.132,0.51,0.5800000000000001,0.348,0.348,GREEN,2.138,GREEN,b'0x'
1453,05/05/2026 01:00,2.16,0.48,0.48,0.336,0.337,GREEN,2.365,GREEN,b'0x'
1454,05/05/2026 01:05,2.188,0.5,0.48,0.336,0.334,GREEN,2.693,GREEN,b'0x'
1455,05/05/2026 01:10,2.217,0.49,0.42999999999999994,0.348,0.348,GREEN,2.562,GREEN,b'0x'
1456,05/05/2026 01:15,2.244,0.48,0.43999999999999995,0.324,0.323,GREEN,2.734,GREEN,b'0x'
1457,05/05/2026 01:20,2.273,0.49,0.42999999999999994,0.348,0.348,GREEN,2.651,GREEN,b'0x'
1458,05/05/2026 01:25,2.299,0.5,0.53,0.312,0.315,GREEN,2.492,GREEN,b'0x'
1459,05/05/2026 01:30,2.326,0.48,0.47,0.324,0.323,GREEN,2.502,GREEN,b'0x'
1460,05/05/2026 01:35,2.352,0.49,0.47,0.312,0.315,GREEN,2.901,GREEN,b'0x'
1461,05/05/2026 01:40,2.38,0.52,0.52,0.336,0.335,GREEN,2.33,GREEN,b'0x'
1462,05/05/2026 01:45,2.406,0.48,0.47,0.312,0.312,GREEN,2.749,GREEN,b'0x'
1463,05/05/2026 01:50,2.432,0.5,0.44999999999999996,0.312,0.311,GREEN,2.379,GREEN,b'0x'
1464,05/05/2026 01:55,2.458,0.45999999999999996,0.44999999999999996,0.312,0.31,GREEN,2.382,GREEN,b'0x'
1465,05/05/2026 02:00,2.483,0.44999999999999996,0.38,0.3,0.303,GREEN,3.089,GREEN,b'0x'
1466,05/05/2026 02:05,2.509,0.48,0.48,0.312,0.31,GREEN,3.119,GREEN,b'0x'
1467,05/05/2026 02:10,2.534,0.45999999999999996,0.51,0.3,0.301,GREEN,2.599,GREEN,b'0x'
1468,05/05/2026 02:15,2.56,0.45999999999999996,0.54,0.312,0.313,GREEN,2.904,GREEN,b'0x'
1469,05/05/2026 02:20,2.585,0.45999999999999996,0.43999999999999995,0.3,0.297,GREEN,2.727,GREEN,b'0x'
1470,05/05/2026 02:25,2.61,0.47,0.44999999999999996,0.3,0.298,GREEN,3.133,GREEN,b'0x'
1471,05/05/2026 02:30,2.633,0.43999999999999995,0.52,0.276,0.279,GREEN,2.827,GREEN,b'0x'
1472,05/05/2026 02:35,2.659,0.5,0.43999999999999995,0.312,0.313,GREEN,3.06,GREEN,b'0x'
1473,05/05/2026 02:40,2.683,0.47,0.42999999999999994,0.288,0.288,GREEN,3.148,GREEN,b'0x'
1474,05/05/2026 02:45,2.705,0.44999999999999996,0.41000000000000003,0.264,0.262,GREEN,3.2,GREEN,b'0x'
1475,05/05/2026 02:50,2.729,0.45999999999999996,0.42000000000000004,0.288,0.286,GREEN,2.768,GREEN,b'0x'
1476,05/05/2026 02:55,2.752,0.43999999999999995,0.41000000000000003,0.276,0.273,GREEN,2.983,GREEN,b'0x'
1477,05/05/2026 03:00,2.776,0.45999999999999996,0.51,0.288,0.287,GREEN,2.847,GREEN,b'0x'
1478,05/05/2026 03:05,2.797,0.42999999999999994,0.41000000000000003,0.252,0.251,GREEN,3.422,GREEN,b'0x'
1479,05/05/2026 03:10,2.82,0.43999999999999995,0.4,0.276,0.278,GREEN,2.83,GREEN,b'0x'
1480,05/05/2026 03:15,2.842,0.47,0.53,0.264,0.263,GREEN,2.936,GREEN,b'0x'
1481,05/05/2026 03:20,2.865,0.45999999999999996,0.49,0.276,0.278,GREEN,2.876,GREEN,b'0x'
1482,05/05/2026 03:25,2.886,0.43999999999999995,0.48,0.252,0.249,GREEN,3.429,GREEN,b'0x'
1483,05/05/2026 03:30,2.908,0.47,0.45999999999999996,0.264,0.263,GREEN,3.031,GREEN,b'0x'
1484,05/05/2026 03:35,2.93,0.47,0.49,0.264,0.265,GREEN,3.384,GREEN,b'0x'
1485,05/05/2026 03:40,2.951,0.44999999999999996,0.39,0.252,0.25,GREEN,3.105,GREEN,b'0x'
1486,05/05/2026 03:45,2.972,0.43999999999999995,0.52,0.252,0.251,GREEN,3.374,GREEN,b'0x'
1487,05/05/2026 03:50,2.994,0.44999999999999996,0.47,0.264,0.261,GREEN,3.227,GREEN,b'0x'
1488,05/05/2026 03:55,3.014,0.44999999999999996,0.53,0.24,0.239,GREEN,3.523,GREEN,b'0x'
1489,05/05/2026 04:00,3.034,0.42000000000000004,0.35000000000000003,0.24,0.239,GREEN,3.385,GREEN,b'0x'
1490,05/05/2026 04:05,3.054,0.44999999999999996,0.49,0.24,0.243,GREEN,3.273,GREEN,b'0x'
1491,05/05/2026 04:10,3.074,0.42999999999999994,0.38,0.24,0.24,GREEN,3.044,GREEN,b'0x'
1492,05/05/2026 04:15,3.094,0.43999999999999995,0.42000000000000004,0.24,0.239,GREEN,2.966,GREEN,b'0x'
1493,05/05/2026 04:20,3.112,0.44999999999999996,0.39,0.216,0.215,GREEN,3.265,GREEN,b'0x'
1494,05/05/2026 04:25,3.132,0.42000000000000004,0.42000000000000004,0.24,0.238,GREEN,3.712,GREEN,b'0x'
1495,05/05/2026 04:30,3.152,0.43999999999999995,0.38,0.24,0.242,GREEN,3.166,GREEN,b'0x'
1496,05/05/2026 04:35,3.171,0.43999999999999995,0.44999999999999996,0.228,0.229,GREEN,3.116,GREEN,b'0x'
1497,05/05/2026 04:40,3.189,0.42000000000000004,0.38,0.216,0.217,GREEN,3.751,GREEN,b'0x'
1498,05/05/2026 04:45,3.207,0.42999999999999994,0.38,0.216,0.216,GREEN,3.298,GREEN,b'0x'
1499,05/05/2026 04:50,3.225,0.43999999999999995,0.5,0.216,0.215,GREEN,3.204,GREEN,b'0x'
1500,05/05/2026 04:55,3.243,0.45999999999999996,0.42000000000000004,0.216,0.214,GREEN,3.216,GREEN,b'0x'
1501,05/05/2026 05:00,3.261,0.42999999999999994,0.38,0.216,0.218,GREEN,3.522,GREEN,b'0x'
1502,05/05/2026 05:05,3.277,0.42999999999999994,0.37,0.192,0.191,GREEN,3.116,GREEN,b'0x'
1503,05/05/2026 05:10,3.295,0.42999999999999994,0.47,0.216,0.218,GREEN,3.215,GREEN,b'0x'
1504,05/05/2026 05:15,3.311,0.43999999999999995,0.41000000000000003,0.192,0.192,GREEN,3.35,GREEN,b'0x'
1505,05/05/2026 05:20,3.328,0.44999999999999996,0.41000000000000003,0.204,0.203,GREEN,3.484,GREEN,b'0x'
1506,05/05/2026 05:25,3.344,0.4,0.42000000000000004,0.192,0.194,GREEN,3.469,GREEN,b'0x'
1507,05/05/2026 05:30,3.36,0.43999999999999995,0.47,0.192,0.191,GREEN,3.323,GREEN,b'0x'
1508,05/05/2026 05:35,3.376,0.4,0.4,0.192,0.19,GREEN,3.629,GREEN,b'0x'
1509,05/05/2026 05:40,3.392,0.41000000000000003,0.35000000000000003,0.192,0.194,GREEN,3.479,GREEN,b'0x'
1510,05/05/2026 05:45,3.409,0.4,0.33,0.204,0.206,GREEN,3.907,GREEN,b'0x'
1511,05/05/2026 05:50,3.424,0.41000000000000003,0.47,0.18,0.177,GREEN,3.924,GREEN,b'0x'
1512,05/05/2026 05:55,3.439,0.41000000000000003,0.45999999999999996,0.18,0.179,GREEN,3.98,GREEN,b'0x'
1513,05/05/2026 06:00,3.454,0.4,0.36,0.18,0.179,GREEN,3.499,GREEN,b'0x'
1514,05/05/2026 06:05,3.468,0.42000000000000004,0.44999999999999996,0.168,0.168,GREEN,3.333,GREEN,b'0x'
1515,05/05/2026 06:10,3.481,0.4,0.41000000000000003,0.156,0.157,GREEN,3.613,GREEN,b'0x'
1516,05/05/2026 06:15,3.497,0.44999999999999996,0.51,0.192,0.189,GREEN,3.607,GREEN,b'0x'
1517,05/05/2026 06:20,3.511,0.42999999999999994,0.38,0.168,0.169,GREEN,3.3,GREEN,b'0x'
1518,05/05/2026 06:25,3.525,0.42999999999999994,0.51,0.168,0.168,GREEN,3.72,GREEN,b'0x'
1519,05/05/2026 06:30,3.536,0.39,0.32,0.132,0.13,GREEN,3.372,GREEN,b'0x'
1520,05/05/2026 06:35,3.55,0.42000000000000004,0.41000000000000003,0.168,0.169,GREEN,4.069,GREEN,b'0x'
1521,05/05/2026 06:40,3.564,0.38,0.35000000000000003,0.168,0.169,GREEN,3.627,GREEN,b'0x'
1522,05/05/2026 06:45,3.576,0.38,0.35000000000000003,0.144,0.142,GREEN,3.662,GREEN,b'0x'
1523,05/05/2026 06:50,3.588,0.42000000000000004,0.36,0.144,0.141,GREEN,3.931,GREEN,b'0x'
1524,05/05/2026 06:55,3.602,0.4,0.36,0.168,0.169,GREEN,3.697,GREEN,b'0x'
1525,05/05/2026 07:00,3.612,0.4,0.42999999999999994,0.12,0.12,GREEN,3.69,GREEN,b'0x'
1526,05/05/2026 07:05,3.626,0.42000000000000004,0.37,0.168,0.166,GREEN,3.505,GREEN,b'0x'
1527,05/05/2026 07:10,3.636,0.37,0.44999999999999996,0.12,0.121,GREEN,3.528,GREEN,b'0x'
1528,05/05/2026 07:15,3.649,0.42000000000000004,0.49,0.156,0.155,GREEN,3.794,GREEN,b'0x'
1529,05/05/2026 07:20,3.658,0.37,0.32,0.108,0.108,GREEN,3.662,GREEN,b'0x'
1530,05/05/2026 07:25,3.669,0.39,0.44999999999999996,0.132,0.129,GREEN,3.631,GREEN,b'0x'
1531,05/05/2026 07:30,3.681,0.38,0.42999999999999994,0.144,0.142,GREEN,4.153,GREEN,b'0x'
1532,05/05/2026 07:35,3.692,0.37,0.32,0.132,0.13,GREEN,3.809,GREEN,b'0x'
1533,05/05/2026 07:40,3.702,0.4,0.39,0.12,0.119,GREEN,3.65,GREEN,b'0x'
1534,05/05/2026 07:45,3.711,0.36,0.39,0.108,0.106,GREEN,4.019,GREEN,b'0x'
1535,05/05/2026 07:50,3.721,0.38,0.45999999999999996,0.12,0.121,GREEN,3.92,GREEN,b'0x'
1536,05/05/2026 07:55,3.73,0.37,0.42999999999999994,0.108,0.111,GREEN,3.524,GREEN,b'0x'
1537,05/05/2026 08:00,3.739,0.38,0.31,0.108,0.107,GREEN,3.523,GREEN,b'0x'
1538,05/05/2026 08:05,3.75,0.38,0.39,0.132,0.13,GREEN,3.908,GREEN,b'0x'
1539,05/05/2026 08:10,3.757,0.38,0.38,0.084,0.086,GREEN,3.839,GREEN,b'0x'
1540,05/05/2026 08:15,3.767,0.4,0.32,0.12,0.122,GREEN,3.611,GREEN,b'0x'
1541,05/05/2026 08:20,3.775,0.38,0.3,0.096,0.094,GREEN,3.704,GREEN,b'0x'
1542,05/05/2026 08:25,3.783,0.39,0.4,0.096,0.095,GREEN,3.594,GREEN,b'0x'
1543,05/05/2026 08:30,3.791,0.37,0.38,0.096,0.093,GREEN,3.721,GREEN,b'0x'
1544,05/05/2026 08:35,3.799,0.38,0.42000000000000004,0.096,0.093,GREEN,3.901,GREEN,b'0x'
1545,05/05/2026 08:40,3.805,0.36,0.37,0.072,0.074,GREEN,3.854,GREEN,b'0x'
1546,05/05/2026 08:45,3.814,0.4,0.42000000000000004,0.108,0.106,GREEN,4.067,GREEN,b'0x'
1547,05/05/2026 08:50,3.82,0.37,0.42000000000000004,0.072,0.074,GREEN,3.737,GREEN,b'0x'
1548,05/05/2026 08:55,3.827,0.34,0.33,0.084,0.081,GREEN,3.773,GREEN,b'0x'
1549,05/05/2026 09:00,3.834,0.37,0.43999999999999995,0.084,0.087,GREEN,3.611,GREEN,b'0x'
1550,05/05/2026 09:05,3.839,0.38,0.41000000000000003,0.06,0.062,GREEN,3.826,GREEN,b'0x'
1551,05/05/2026 09:10,3.844,0.36,0.43999999999999995,0.06,0.059,GREEN,3.891,GREEN,b'0x'
1552,05/05/2026 09:15,3.851,0.35000000000000003,0.39,0.084,0.087,GREEN,3.943,GREEN,b'0x'
1553,05/05/2026 09:20,3.857,0.37,0.38,0.072,0.069,GREEN,3.685,GREEN,b'0x'
1554,05/05/2026 09:25,3.863,0.37,0.29000000000000004,0.072,0.073,GREEN,3.731,GREEN,b'0x'
1555,05/05/2026 09:30,3.866,0.32,0.39,0.036,0.036,GREEN,4.055,GREEN,b'0x'
1556,05/05/2026 09:35,3.872,0.37,0.44999999999999996,0.072,0.074,GREEN,3.659,GREEN,b'0x'
1557,05/05/2026 09:40,3.877,0.37,0.31,0.06,0.059,GREEN,3.779,GREEN,b'0x'
1558,05/05/2026 09:45,3.881,0.35000000000000003,0.28,0.048,0.048,GREEN,4.136,GREEN,b'0x'
1559,05/05/2026 09:50,3.886,0.37,0.39,0.06,0.062,GREEN,3.952,GREEN,b'0x'
1560,05/05/2026 09:55,3.889,0.35000000000000003,0.32,0.036,0.034,GREEN,3.737,GREEN,b'0x'
1561,05/05/2026 10:00,3.892,0.32,0.25,0.036,0.033,GREEN,3.788,GREEN,b'0x'
1562,05/05/2026 10:05,3.896,0.33,0.3,0.048,0.048,GREEN,3.616,GREEN,b'0x'
1563,05/05/2026 10:10,3.9,0.35000000000000003,0.42000000000000004,0.048,0.05,GREEN,3.573,GREEN,b'0x'
1564,05/05/2026 10:15,3.903,0.32,0.39,0.036,0.033,GREEN,4.057,GREEN,b'0x'
1565,05/05/2026 10:20,3.905,0.35000000000000003,0.42999999999999994,0.024,0.025,GREEN,3.85,GREEN,b'0x'
1566,05/05/2026 10:25,3.907,0.35000000000000003,0.3,0.024,0.023,GREEN,3.9,GREEN,b'0x'
1567,05/05/2026 10:30,3.91,0.35000000000000003,0.31,0.036,0.033,GREEN,4.139,GREEN,b'0x'
1568,05/05/2026 10:35,3.913,0.33,0.39,0.036,0.034,GREEN,4.22,GREEN,b'0x'
1569,05/05/2026 10:40,3.915,0.32,0.34,0.024,0.025,GREEN,3.534,GREEN,b'0x'
1570,05/05/2026 10:45,3.915,0.3,0.37,0.0,-0.001,GREEN,3.67,GREEN,b'0x'
1571,05/05/2026 10:50,3.917,0.35000000000000003,0.34,0.024,0.024,GREEN,3.797,GREEN,b'0x'
1572,05/05/2026 10:55,3.917,0.34,0.36,0.0,-0.001,GREEN,3.866,GREEN,b'0x'
1573,05/05/2026 11:00,3.919,0.35000000000000003,0.35000000000000003,0.024,0.025,GREEN,3.878,GREEN,b'0x'
1574,05/05/2026 11:05,3.919,0.32,0.37,0.0,-0.002,GREEN,3.789,GREEN,b'0x'
1575,05/05/2026 11:10,3.92,0.35000000000000003,0.31,0.012,0.013,GREEN,3.868,GREEN,b'0x'
1576,05/05/2026 11:15,3.92,0.31,0.24,0.0,0.001,GREEN,4.243,GREEN,b'0x'
1577,05/05/2026 11:20,3.92,0.33,0.34,0.0,0.003,GREEN,3.976,GREEN,b'0x'
1578,05/05/2026 11:25,3.92,0.3,0.24,0.0,-0.001,GREEN,3.539,GREEN,b'0x'
1579,05/05/2026 11:30,3.917,0.32,0.37,-0.036,-0.037,GREEN,4.096,GREEN,b'0x'
1580,05/05/2026 11:35,3.916,0.33,0.4,-0.012,-0.011,GREEN,3.829,GREEN,b'0x'
1581,05/05/2026 11:40,3.912,0.35000000000000003,0.35000000000000003,-0.048,-0.05,GREEN,3.55,GREEN,b'0x'
1582,05/05/2026 11:45,3.909,0.36,0.43999999999999995,-0.036,-0.035,GREEN,4.058,GREEN,b'0x'
1583,05/05/2026 11:50,3.905,0.34,0.3,-0.048,-0.049,GREEN,4.093,GREEN,b'0x'
1584,05/05/2026 11:55,3.9,0.33,0.32,-0.06,-0.062,GREEN,3.828,GREEN,b'0x'
1585,05/05/2026 12:00,3.896,0.34,0.32,-0.048,-0.05,GREEN,3.68,GREEN,b'0x'
1586,05/05/2026 12:05,3.89,0.38,0.38,-0.072,-0.071,GREEN,4.159,GREEN,b'0x'
1587,05/05/2026 12:10,3.885,0.36,0.31,-0.06,-0.061,GREEN,4.067,GREEN,b'0x'
1588,05/05/2026 12:15,3.878,0.38,0.4,-0.084,-0.087,GREEN,3.517,GREEN,b'0x'
1589,05/05/2026 12:20,3.87,0.36,0.42000000000000004,-0.096,-0.098,GREEN,3.885,GREEN,b'0x'
1590,05/05/2026 12:25,3.863,0.35000000000000003,0.42999999999999994,-0.084,-0.081,GREEN,3.37,GREEN,b'0x'
1591,05/05/2026 12:30,3.854,0.37,0.44999999999999996,-0.108,-0.107,GREEN,4.046,GREEN,b'0x'
1592,05/05/2026 12:35,3.846,0.36,0.43999999999999995,-0.096,-0.098,GREEN,3.788,GREEN,b'0x'
1593,05/05/2026 12:40,3.837,0.4,0.34,-0.108,-0.106,GREEN,3.867,GREEN,b'0x'
1594,05/05/2026 12:45,3.828,0.39,0.31,-0.108,-0.111,GREEN,3.338,GREEN,b'0x'
1595,05/05/2026 12:50,3.817,0.37,0.36,-0.132,-0.131,GREEN,4.04,GREEN,b'0x'
1596,05/05/2026 12:55,3.807,0.37,0.31,-0.12,-0.118,GREEN,3.54,GREEN,b'0x'
1597,05/05/2026 13:00,3.796,0.37,0.35000000000000003,-0.132,-0.134,GREEN,3.936,GREEN,b'0x'
1598,05/05/2026 13:05,3.785,0.39,0.4,-0.132,-0.134,GREEN,3.51,GREEN,b'0x'
1599,05/05/2026 13:10,3.774,0.39,0.42999999999999994,-0.132,-0.131,GREEN,3.572,GREEN,b'0x'
1600,05/05/2026 13:15,3.761,0.41000000000000003,0.44999999999999996,-0.156,-0.157,GREEN,3.881,GREEN,b'0x'
1601,05/05/2026 13:20,3.748,0.39,0.42999999999999994,-0.156,-0.153,GREEN,3.588,GREEN,b'0x'
1602,05/05/2026 13:25,3.737,0.37,0.4,-0.132,-0.134,GREEN,3.71,GREEN,b'0x'
1603,05/05/2026 13:30,3.722,0.42000000000000004,0.49,-0.18,-0.177,GREEN,3.378,GREEN,b'0x'
1604,05/05/2026 13:35,3.71,0.41000000000000003,0.43999999999999995,-0.144,-0.144,GREEN,3.612,GREEN,b'0x'
1605,05/05/2026 13:40,3.696,0.39,0.34,-0.168,-0.168,GREEN,3.484,GREEN,b'0x'
1606,05/05/2026 13:45,3.681,0.39,0.34,-0.18,-0.18,GREEN,3.868,GREEN,b'0x'
1607,05/05/2026 13:50,3.666,0.42999999999999994,0.42000000000000004,-0.18,-0.178,GREEN,3.489,GREEN,b'0x'
1608,05/05/2026 13:55,3.652,0.42999999999999994,0.39,-0.168,-0.17,GREEN,3.778,GREEN,b'0x'
1609,05/05/2026 14:00,3.639,0.39,0.4,-0.156,-0.153,GREEN,3.15,GREEN,b'0x'
1610,05/05/2026 14:05,3.623,0.42000000000000004,0.44999999999999996,-0.192,-0.192,GREEN,3.124,GREEN,b'0x'
1611,05/05/2026 14:10,3.608,0.42999999999999994,0.4,-0.18,-0.179,GREEN,3.258,GREEN,b'0x'
1612,05/05/2026 14:15,3.592,0.42999999999999994,0.49,-0.192,-0.193,GREEN,3.316,GREEN,b'0x'
1613,05/05/2026 14:20,3.576,0.4,0.43999999999999995,-0.192,-0.193,GREEN,3.661,GREEN,b'0x'
1614,05/05/2026 14:25,3.56,0.42999999999999994,0.42999999999999994,-0.192,-0.193,GREEN,3.595,GREEN,b'0x'
1615,05/05/2026 14:30,3.543,0.4,0.38,-0.204,-0.204,GREEN,3.344,GREEN,b'0x'
1616,05/05/2026 14:35,3.528,0.4,0.48,-0.18,-0.179,GREEN,3.622,GREEN,b'0x'
1617,05/05/2026 14:40,3.51,0.43999999999999995,0.42999999999999994,-0.216,-0.214,GREEN,3.345,GREEN,b'0x'
1618,05/05/2026 14:45,3.494,0.43999999999999995,0.42999999999999994,-0.192,-0.191,GREEN,3.324,GREEN,b'0x'
1619,05/05/2026 14:50,3.476,0.42999999999999994,0.49,-0.216,-0.214,GREEN,3.274,GREEN,b'0x'
1620,05/05/2026 14:55,3.461,0.4,0.42000000000000004,-0.18,-0.181,GREEN,3.524,GREEN,b'0x'
1621,05/05/2026 15:00,3.443,0.44999999999999996,0.49,-0.216,-0.216,GREEN,3.173,GREEN,b'0x'
1622,05/05/2026 15:05,3.425,0.41000000000000003,0.39,-0.216,-0.215,GREEN,3.364,GREEN,b'0x'
1623,05/05/2026 15:10,3.409,0.4,0.35000000000000003,-0.192,-0.194,GREEN,3.414,GREEN,b'0x'
1624,05/05/2026 15:15,3.391,0.44999999999999996,0.37,-0.216,-0.215,GREEN,3.002,GREEN,b'0x'
1625,05/05/2026 15:20,3.373,0.44999999999999996,0.53,-0.216,-0.216,GREEN,3.365,GREEN,b'0x'
1626,05/05/2026 15:25,3.356,0.42000000000000004,0.41000000000000003,-0.204,-0.202,GREEN,2.887,GREEN,b'0x'
1627,05/05/2026 15:30,3.339,0.42000000000000004,0.48,-0.204,-0.203,GREEN,3.344,GREEN,b'0x'
1628,05/05/2026 15:35,3.322,0.42999999999999994,0.36,-0.204,-0.206,GREEN,2.848,GREEN,b'0x'
1629,05/05/2026 15:40,3.303,0.42999999999999994,0.38,-0.228,-0.225,GREEN,2.733,GREEN,b'0x'
1630,05/05/2026 15:45,3.286,0.43999999999999995,0.44999999999999996,-0.204,-0.206,GREEN,2.972,GREEN,b'0x'
1631,05/05/2026 15:50,3.268,0.45999999999999996,0.5,-0.216,-0.219,GREEN,3.244,GREEN,b'0x'
1632,05/05/2026 15:55,3.251,0.42000000000000004,0.41000000000000003,-0.204,-0.203,GREEN,2.817,GREEN,b'0x'
1633,05/05/2026 16:00,3.234,0.44999999999999996,0.45999999999999996,-0.204,-0.202,GREEN,2.702,GREEN,b'0x'
1634,05/05/2026 16:05,3.216,0.42000000000000004,0.42000000000000004,-0.216,-0.215,GREEN,2.888,GREEN,b'0x'
1635,05/05/2026 16:10,3.198,0.43999999999999995,0.51,-0.216,-0.216,GREEN,3.142,GREEN,b'0x'
1636,05/05/2026 16:15,3.182,0.43999999999999995,0.39,-0.192,-0.193,GREEN,3.247,GREEN,b'0x'
1637,05/05/2026 16:20,3.164,0.42000000000000004,0.38,-0.216,-0.214,GREEN,2.791,GREEN,b'0x'
1638,05/05/2026 16:25,3.147,0.44999999999999996,0.37,-0.204,-0.205,GREEN,3.22,GREEN,b'0x'
1639,05/05/2026 16:30,3.13,0.44999999999999996,0.4,-0.204,-0.206,GREEN,2.892,GREEN,b'0x'
1640,05/05/2026 16:35,3.113,0.43999999999999995,0.44999999999999996,-0.204,-0.202,GREEN,2.693,GREEN,b'0x'
1641,05/05/2026 16:40,3.095,0.43999999999999995,0.5,-0.216,-0.217,GREEN,2.588,GREEN,b'0x'
1642,05/05/2026 16:45,3.079,0.41000000000000003,0.36,-0.192,-0.191,GREEN,2.833,GREEN,b'0x'
1643,05/05/2026 16:50,3.063,0.43999999999999995,0.49,-0.192,-0.19,GREEN,3.074,GREEN,b'0x'
1644,05/05/2026 16:55,3.046,0.44999999999999996,0.51,-0.204,-0.205,GREEN,3.051,GREEN,b'0x'
1645,05/05/2026 17:00,3.03,0.43999999999999995,0.38,-0.192,-0.194,GREEN,2.874,GREEN,b'0x'
1646,05/05/2026 17:05,3.013,0.44999999999999996,0.37,-0.204,-0.204,GREEN,2.746,GREEN,b'0x'
1647,05/05/2026 17:10,2.998,0.42000000000000004,0.47,-0.18,-0.183,GREEN,2.761,GREEN,b'0x'
1648,05/05/2026 17:15,2.984,0.4,0.32,-0.168,-0.17,GREEN,3.19,GREEN,b'0x'
1649,05/05/2026 17:20,2.968,0.42999999999999994,0.38,-0.192,-0.192,GREEN,3.184,GREEN,b'0x'
1650,05/05/2026 17:25,2.953,0.42999999999999994,0.43999999999999995,-0.18,-0.18,GREEN,2.971,GREEN,b'0x'
1651,05/05/2026 17:30,2.938,0.42000000000000004,0.38,-0.18,-0.177,GREEN,2.55,GREEN,b'0x'
1652,05/05/2026 17:35,2.923,0.42999999999999994,0.41000000000000003,-0.18,-0.179,GREEN,2.624,GREEN,b'0x'
1653,05/05/2026 17:40,2.909,0.42000000000000004,0.41000000000000003,-0.168,-0.169,GREEN,2.997,GREEN,b'0x'
1654,05/05/2026 17:45,2.894,0.42000000000000004,0.49,-0.18,-0.18,GREEN,2.675,GREEN,b'0x'
1655,05/05/2026 17:50,2.881,0.42000000000000004,0.44999999999999996,-0.156,-0.155,GREEN,3.124,GREEN,b'0x'
1656,05/05/2026 17:55,2.867,0.42999999999999994,0.37,-0.168,-0.167,GREEN,2.623,GREEN,b'0x'
1657,05/05/2026 18:00,2.855,0.41000000000000003,0.4,-0.144,-0.146,GREEN,2.516,GREEN,b'0x'
1658,05/05/2026 18:05,2.841,0.42999999999999994,0.43999999999999995,-0.168,-0.168,GREEN,2.484,GREEN,b'0x'
1659,05/05/2026 18:10,2.83,0.41000000000000003,0.35000000000000003,-0.132,-0.133,GREEN,2.378,GREEN,b'0x'
1660,05/05/2026 18:15,2.816,0.39,0.37,-0.168,-0.169,GREEN,2.446,GREEN,b'0x'
1661,05/05/2026 18:20,2.805,0.41000000000000003,0.36,-0.132,-0.134,GREEN,2.906,GREEN,b'0x'
1662,05/05/2026 18:25,2.795,0.38,0.41000000000000003,-0.12,-0.123,GREEN,2.352,GREEN,b'0x'
1663,05/05/2026 18:30,2.783,0.4,0.42000000000000004,-0.144,-0.147,GREEN,2.404,GREEN,b'0x'
1664,05/05/2026 18:35,2.772,0.37,0.34,-0.132,-0.131,GREEN,2.376,GREEN,b'0x'
1665,05/05/2026 18:40,2.763,0.38,0.4,-0.108,-0.111,GREEN,2.776,GREEN,b'0x'
1666,05/05/2026 18:45,2.754,0.38,0.43999999999999995,-0.108,-0.108,GREEN,2.372,GREEN,b'0x'
1667,05/05/2026 18:50,2.745,0.36,0.4,-0.108,-0.106,GREEN,2.766,GREEN,b'0x'
1668,05/05/2026 18:55,2.736,0.36,0.37,-0.108,-0.11,GREEN,2.595,GREEN,b'0x'
1669,05/05/2026 19:00,2.728,0.35000000000000003,0.38,-0.096,-0.095,GREEN,2.388,GREEN,b'0x'
1670,05/05/2026 19:05,2.72,0.38,0.3,-0.096,-0.096,GREEN,2.358,GREEN,b'0x'
1671,05/05/2026 19:10,2.713,0.37,0.43999999999999995,-0.084,-0.082,GREEN,2.864,GREEN,b'0x'
1672,05/05/2026 19:15,2.706,0.37,0.3,-0.084,-0.086,GREEN,2.543,GREEN,b'0x'
1673,05/05/2026 19:20,2.701,0.38,0.41000000000000003,-0.06,-0.058,GREEN,2.798,GREEN,b'0x'
1674,05/05/2026 19:25,2.695,0.35000000000000003,0.37,-0.072,-0.073,GREEN,2.589,GREEN,b'0x'
1675,05/05/2026 19:30,2.689,0.36,0.36,-0.072,-0.071,GREEN,2.486,GREEN,b'0x'
1676,05/05/2026 19:35,2.686,0.32,0.26,-0.036,-0.038,GREEN,2.576,GREEN,b'0x'
1677,05/05/2026 19:40,2.681,0.35000000000000003,0.41000000000000003,-0.06,-0.061,GREEN,2.552,GREEN,b'0x'
1678,05/05/2026 19:45,2.677,0.35000000000000003,0.36,-0.048,-0.049,GREEN,2.606,GREEN,b'0x'
1679,05/05/2026 19:50,2.675,0.35000000000000003,0.3,-0.024,-0.027,GREEN,2.853,GREEN,b'0x'
1680,05/05/2026 19:55,2.673,0.34,0.36,-0.024,-0.027,GREEN,2.447,GREEN,b'0x'
1681,05/05/2026 20:00,2.672,0.35000000000000003,0.29000000000000004,-0.012,-0.014,GREEN,2.325,GREEN,b'0x'
1682,05/05/2026 20:05,2.671,0.34,0.37,-0.012,-0.009,GREEN,2.66,GREEN,b'0x'
1683,05/05/2026 20:10,2.671,0.31,0.31,0.0,0.002,GREEN,2.774,GREEN,b'0x'
1684,05/05/2026 20:15,2.671,0.3,0.29000000000000004,0.0,0.003,GREEN,2.777,GREEN,b'0x'
1685,05/05/2026 20:20,2.671,0.3,0.34,0.0,0.0,GREEN,2.821,GREEN,b'0x'
1686,05/05/2026 20:25,2.672,0.34,0.36,0.012,0.009,GREEN,2.896,GREEN,b'0x'
1687,05/05/2026 20:30,2.672,0.34,0.36,0.0,-0.001,GREEN,3.08,GREEN,b'0x'
1688,05/05/2026 20:35,2.674,0.35000000000000003,0.4,0.024,0.026,GREEN,2.751,GREEN,b'0x'
1689,05/05/2026 20:40,2.675,0.31,0.22999999999999998,0.012,0.013,GREEN,3.009,GREEN,b'0x'
1690,05/05/2026 20:45,2.677,0.32,0.39,0.024,0.023,GREEN,3.084,GREEN,b'0x'
1691,05/05/2026 20:50,2.678,0.32,0.27,0.012,0.012,GREEN,2.495,GREEN,b'0x'
1692,05/05/2026 20:55,2.68,0.31,0.36,0.024,0.025,GREEN,2.416,GREEN,b'0x'
1693,05/05/2026 21:00,2.682,0.33,0.31,0.024,0.025,GREEN,2.611,GREEN,b'0x'
1694,05/05/2026 21:05,2.685,0.34,0.27,0.036,0.034,GREEN,3.1,GREEN,b'0x'
1695,05/05/2026 21:10,2.688,0.34,0.37,0.036,0.035,GREEN,3.115,GREEN,b'0x'
1696,05/05/2026 21:15,2.689,0.32,0.32,0.012,0.014,GREEN,2.747,GREEN,b'0x'
1697,05/05/2026 21:20,2.693,0.33,0.36,0.048,0.049,GREEN,2.802,GREEN,b'0x'
1698,05/05/2026 21:25,2.696,0.33,0.28,0.036,0.037,GREEN,2.621,GREEN,b'0x'
1699,05/05/2026 21:30,2.701,0.38,0.43999999999999995,0.06,0.057,GREEN,2.995,GREEN,b'0x'
1700,05/05/2026 21:35,2.703,0.35000000000000003,0.34,0.024,0.023,GREEN,2.818,GREEN,b'0x'
1701,05/05/2026 21:40,2.707,0.34,0.37,0.048,0.049,GREEN,2.55,GREEN,b'0x'
1702,05/05/2026 21:45,2.712,0.38,0.34,0.06,0.058,GREEN,2.856,GREEN,b'0x'
1703,05/05/2026 21:50,2.717,0.33,0.28,0.06,0.061,GREEN,2.48,GREEN,b'0x'
1704,05/05/2026 21:55,2.72,0.35000000000000003,0.32,0.036,0.036,GREEN,2.655,GREEN,b'0x'
1705,05/05/2026 22:00,2.726,0.35000000000000003,0.37,0.072,0.07,GREEN,2.76,GREEN,b'0x'
1706,05/05/2026 22:05,2.731,0.35000000000000003,0.36,0.06,0.058,GREEN,2.576,GREEN,b'0x'
1707,05/05/2026 22:10,2.737,0.37,0.31,0.072,0.07,GREEN,2.797,GREEN,b'0x'
1708,05/05/2026 22:15,2.743,0.35000000000000003,0.34,0.072,0.069,GREEN,2.652,GREEN,b'0x'
1709,05/05/2026 22:20,2.748,0.33,0.41000000000000003,0.06,0.062,GREEN,2.881,GREEN,b'0x'
1710,05/05/2026 22:25,2.755,0.37,0.38,0.084,0.084,GREEN,2.627,GREEN,b'0x'
1711,05/05/2026 22:30,2.76,0.35000000000000003,0.35000000000000003,0.06,0.06,GREEN,3.215,GREEN,b'0x'
1712,05/05/2026 22:35,2.767,0.36,0.3,0.084,0.086,GREEN,3.135,GREEN,b'0x'
1713,05/05/2026 22:40,2.773,0.35000000000000003,0.33,0.072,0.074,GREEN,2.978,GREEN,b'0x'
1714,05/05/2026 22:45,2.78,0.37,0.42999999999999994,0.084,0.086,GREEN,3.007,GREEN,b'0x'
1715,05/05/2026 22:50,2.788,0.39,0.37,0.096,0.094,GREEN,2.776,GREEN,b'0x'
1716,05/05/2026 22:55,2.794,0.35000000000000003,0.35000000000000003,0.072,0.07,GREEN,3.084,GREEN,b'0x'
1717,05/05/2026 23:00,2.803,0.38,0.4,0.108,0.108,GREEN,2.812,GREEN,b'0x'
1718,05/05/2026 23:05,2.81,0.36,0.34,0.084,0.082,GREEN,2.817,GREEN,b'0x'
1719,05/05/2026 23:10,2.819,0.37,0.43999999999999995,0.108,0.107,GREEN,2.828,GREEN,b'0x'
1720,05/05/2026 23:15,2.826,0.36,0.41000000000000003,0.084,0.082,GREEN,2.833,GREEN,b'0x'
1721,05/05/2026 23:20,2.834,0.36,0.35000000000000003,0.096,0.098,GREEN,2.842,GREEN,b'0x'
1722,05/05/2026 23:25,2.843,0.35000000000000003,0.29000000000000004,0.108,0.105,GREEN,2.852,GREEN,b'0x'
1723,05/05/2026 23:30,2.852,0.38,0.33,0.108,0.107,GREEN,2.861,GREEN,b'0x'
1724,05/05/2026 23:35,2.862,0.4,0.44999999999999996,0.12,0.119,GREEN,2.872,GREEN,b'0x'
1725,05/05/2026 23:40,2.87,0.39,0.34,0.096,0.094,GREEN,2.878,GREEN,b'0x'
1726,05/05/2026 23:45,2.879,0.38,0.44999999999999996,0.108,0.106,GREEN,2.888,GREEN,b'0x'
1727,05/05/2026 23:50,2.89,0.4,0.45999999999999996,0.132,0.13,GREEN,2.901,GREEN,b'0x'
1728,05/05/2026 23:55,2.9,0.41000000000000003,0.33,0.12,0.118,GREEN,2.91,GREEN,b'0x'
